lambda,variable,state,quantile,value
0.001,delta_VWAP,lockin,0.01,10.413215425539638
0.001,delta_VWAP,lockin,0.05,12.102811982506319
0.001,delta_VWAP,lockin,0.25,15.578538817590015
0.001,delta_VWAP,lockin,0.5,19.11155877649435
0.001,delta_VWAP,lockin,0.75,26.163678171305946
0.001,delta_VWAP,lockin,0.95,36.286973387803314
0.001,delta_VWAP,lockin,0.99,43.307481420455275
0.001,delta_VWAP,non_lockin,0.01,8.043636020507547
0.001,delta_VWAP,non_lockin,0.05,10.232975066052314
0.001,delta_VWAP,non_lockin,0.25,14.485531101352535
0.001,delta_VWAP,non_lockin,0.5,17.575874005866353
0.001,delta_VWAP,non_lockin,0.75,21.28000621411047
0.001,delta_VWAP,non_lockin,0.95,26.971404292437363
0.001,delta_VWAP,non_lockin,0.99,29.685340380578417
0.001,delta_LWMP,lockin,0.01,16.372857849999928
0.001,delta_LWMP,lockin,0.05,16.70339249999961
0.001,delta_LWMP,lockin,0.25,19.911733749999257
0.001,delta_LWMP,lockin,0.5,30.42094249999718
0.001,delta_LWMP,lockin,0.75,44.1212912499941
0.001,delta_LWMP,lockin,0.95,58.83286824999305
0.001,delta_LWMP,lockin,0.99,63.391303599992234
0.001,delta_LWMP,non_lockin,0.01,0.0
0.001,delta_LWMP,non_lockin,0.05,0.0
0.001,delta_LWMP,non_lockin,0.25,1.8400000000037835
0.001,delta_LWMP,non_lockin,0.5,15.400000000001455
0.001,delta_LWMP,non_lockin,0.75,32.53500000000349
0.001,delta_LWMP,non_lockin,0.95,53.793996499996865
0.001,delta_LWMP,non_lockin,0.99,60.704941999997246
0.001,kappa_VWAP,lockin,0.01,0.5022644112173911
0.001,kappa_VWAP,lockin,0.05,0.5115677865420246
0.001,kappa_VWAP,lockin,0.25,0.5649670488242895
0.001,kappa_VWAP,lockin,0.5,0.6637270212896035
0.001,kappa_VWAP,lockin,0.75,0.8000209003891704
0.001,kappa_VWAP,lockin,0.95,0.905691616833548
0.001,kappa_VWAP,lockin,0.99,0.9463645985248308
0.001,kappa_VWAP,non_lockin,0.01,0.27276985817382976
0.001,kappa_VWAP,non_lockin,0.05,0.3100052002125818
0.001,kappa_VWAP,non_lockin,0.25,0.37173712435619843
0.001,kappa_VWAP,non_lockin,0.5,0.4168213751882261
0.001,kappa_VWAP,non_lockin,0.75,0.4572289096626909
0.001,kappa_VWAP,non_lockin,0.95,0.49101573992805675
0.001,kappa_VWAP,non_lockin,0.99,0.498158623510536
0.001,kappa_LWMP,lockin,0.01,0.9999999999997942
0.001,kappa_LWMP,lockin,0.05,0.9999999999998105
0.001,kappa_LWMP,lockin,0.25,0.9999999999998487
0.001,kappa_LWMP,lockin,0.5,0.9999999999998898
0.001,kappa_LWMP,lockin,0.75,0.9999999999999308
0.001,kappa_LWMP,lockin,0.95,0.9999999999999691
0.001,kappa_LWMP,lockin,0.99,0.9999999999999855
0.001,kappa_LWMP,non_lockin,0.01,0.0
0.001,kappa_LWMP,non_lockin,0.05,0.0
0.001,kappa_LWMP,non_lockin,0.25,0.049802288642133576
0.001,kappa_LWMP,non_lockin,0.5,0.35767999153284563
0.001,kappa_LWMP,non_lockin,0.75,0.7681415674211237
0.001,kappa_LWMP,non_lockin,0.95,0.9999999999998991
0.001,kappa_LWMP,non_lockin,0.99,0.9999999999999526
-0.001,delta_VWAP,lockin,0.01,-43.30748142045224
-0.001,delta_VWAP,lockin,0.05,-36.28697338779748
-0.001,delta_VWAP,lockin,0.25,-26.16367817129867
-0.001,delta_VWAP,lockin,0.5,-19.11155877649435
-0.001,delta_VWAP,lockin,0.75,-15.578538817593653
-0.001,delta_VWAP,lockin,0.95,-12.102811982506683
-0.001,delta_VWAP,lockin,0.99,-10.41321542554117
-0.001,delta_VWAP,non_lockin,0.01,-29.6853403805953
-0.001,delta_VWAP,non_lockin,0.05,-26.971404292437363
-0.001,delta_VWAP,non_lockin,0.25,-21.28000621411047
-0.001,delta_VWAP,non_lockin,0.5,-17.575874005880905
-0.001,delta_VWAP,non_lockin,0.75,-14.485531101359811
-0.001,delta_VWAP,non_lockin,0.95,-10.232975066047224
-0.001,delta_VWAP,non_lockin,0.99,-8.043636020511185
-0.001,delta_LWMP,lockin,0.01,-63.39130359999952
-0.001,delta_LWMP,lockin,0.05,-58.83286825000032
-0.001,delta_LWMP,lockin,0.25,-44.12129124999774
-0.001,delta_LWMP,lockin,0.5,-30.42094250000082
-0.001,delta_LWMP,lockin,0.75,-19.911733749999257
-0.001,delta_LWMP,lockin,0.95,-16.70339249999961
-0.001,delta_LWMP,lockin,0.99,-16.372857849999928
-0.001,delta_LWMP,non_lockin,0.01,-54.026927400004354
-0.001,delta_LWMP,non_lockin,0.05,-39.441565500001886
-0.001,delta_LWMP,non_lockin,0.25,-19.029999999998836
-0.001,delta_LWMP,non_lockin,0.5,-4.157500000001164
-0.001,delta_LWMP,non_lockin,0.75,0.0
-0.001,delta_LWMP,non_lockin,0.95,0.0
-0.001,delta_LWMP,non_lockin,0.99,0.0
-0.001,kappa_VWAP,lockin,0.01,0.5022644112173911
-0.001,kappa_VWAP,lockin,0.05,0.5115677865418357
-0.001,kappa_VWAP,lockin,0.25,0.5649670488245586
-0.001,kappa_VWAP,lockin,0.5,0.6637270212899742
-0.001,kappa_VWAP,lockin,0.75,0.8000209003892617
-0.001,kappa_VWAP,lockin,0.95,0.905691616833418
-0.001,kappa_VWAP,lockin,0.99,0.9463645985250198
-0.001,kappa_VWAP,non_lockin,0.01,0.27276985817394567
-0.001,kappa_VWAP,non_lockin,0.05,0.3100052002125165
-0.001,kappa_VWAP,non_lockin,0.25,0.37173712435619843
-0.001,kappa_VWAP,non_lockin,0.5,0.4168213751883517
-0.001,kappa_VWAP,non_lockin,0.75,0.4572289096625032
-0.001,kappa_VWAP,non_lockin,0.95,0.4910157399279241
-0.001,kappa_VWAP,non_lockin,0.99,0.4981586235106104
-0.001,kappa_LWMP,lockin,0.01,0.9999999999999051
-0.001,kappa_LWMP,lockin,0.05,0.9999999999999216
-0.001,kappa_LWMP,lockin,0.25,0.9999999999999598
-0.001,kappa_LWMP,lockin,0.5,1.0000000000000009
-0.001,kappa_LWMP,lockin,0.75,1.0000000000000417
-0.001,kappa_LWMP,lockin,0.95,1.0000000000000802
-0.001,kappa_LWMP,lockin,0.99,1.0000000000000968
-0.001,kappa_LWMP,non_lockin,0.01,0.0
-0.001,kappa_LWMP,non_lockin,0.05,0.0
-0.001,kappa_LWMP,non_lockin,0.25,-0.0
-0.001,kappa_LWMP,non_lockin,0.5,0.09253707560489852
-0.001,kappa_LWMP,non_lockin,0.75,0.4670012722452831
-0.001,kappa_LWMP,non_lockin,0.95,0.9999999999999928
-0.001,kappa_LWMP,non_lockin,0.99,1.0000000000000602
0.005,delta_VWAP,lockin,0.01,52.066077127704304
0.005,delta_VWAP,lockin,0.05,60.51405991252759
0.005,delta_VWAP,lockin,0.25,77.89269408796463
0.005,delta_VWAP,lockin,0.5,95.55779388247174
0.005,delta_VWAP,lockin,0.75,130.8183908565079
0.005,delta_VWAP,lockin,0.95,181.43486693901366
0.005,delta_VWAP,lockin,0.99,216.5374071023059
0.005,delta_VWAP,non_lockin,0.01,40.21818010255112
0.005,delta_VWAP,non_lockin,0.05,51.16487533025283
0.005,delta_VWAP,non_lockin,0.25,72.4276555067845
0.005,delta_VWAP,non_lockin,0.5,87.87937002936815
0.005,delta_VWAP,non_lockin,0.75,106.4000310705378
0.005,delta_VWAP,non_lockin,0.95,134.85702146219555
0.005,delta_VWAP,non_lockin,0.99,148.42670190291946
0.005,delta_LWMP,lockin,0.01,81.86428924999964
0.005,delta_LWMP,lockin,0.05,83.51696249999804
0.005,delta_LWMP,lockin,0.25,99.55866874999629
0.005,delta_LWMP,lockin,0.5,152.10471249999682
0.005,delta_LWMP,lockin,0.75,220.60645624999597
0.005,delta_LWMP,lockin,0.95,294.1643412499929
0.005,delta_LWMP,lockin,0.99,316.9565179999945
0.005,delta_LWMP,non_lockin,0.01,0.0
0.005,delta_LWMP,non_lockin,0.05,0.0
0.005,delta_LWMP,non_lockin,0.25,3.069999999999709
0.005,delta_LWMP,non_lockin,0.5,17.472499999996217
0.005,delta_LWMP,non_lockin,0.75,38.974999999998545
0.005,delta_LWMP,non_lockin,0.95,99.37299999999802
0.005,delta_LWMP,non_lockin,0.99,161.58580000000077
0.005,kappa_VWAP,lockin,0.01,0.5022644112173039
0.005,kappa_VWAP,lockin,0.05,0.5115677865419557
0.005,kappa_VWAP,lockin,0.25,0.5649670488243794
0.005,kappa_VWAP,lockin,0.5,0.6637270212897518
0.005,kappa_VWAP,lockin,0.75,0.8000209003892294
0.005,kappa_VWAP,lockin,0.95,0.905691616833444
0.005,kappa_VWAP,lockin,0.99,0.9463645985249183
0.005,kappa_VWAP,non_lockin,0.01,0.2727698581738296
0.005,kappa_VWAP,non_lockin,0.05,0.31000520021254246
0.005,kappa_VWAP,non_lockin,0.25,0.3717371243562428
0.005,kappa_VWAP,non_lockin,0.5,0.4168213751882764
0.005,kappa_VWAP,non_lockin,0.75,0.4572289096626534
0.005,kappa_VWAP,non_lockin,0.95,0.4910157399279834
0.005,kappa_VWAP,non_lockin,0.99,0.4981586235105652
0.005,kappa_LWMP,lockin,0.01,0.9999999999999595
0.005,kappa_LWMP,lockin,0.05,0.9999999999999628
0.005,kappa_LWMP,lockin,0.25,0.9999999999999705
0.005,kappa_LWMP,lockin,0.5,0.9999999999999787
0.005,kappa_LWMP,lockin,0.75,0.9999999999999869
0.005,kappa_LWMP,lockin,0.95,0.9999999999999946
0.005,kappa_LWMP,lockin,0.99,0.9999999999999979
0.005,kappa_LWMP,non_lockin,0.01,0.0
0.005,kappa_LWMP,non_lockin,0.05,0.0
0.005,kappa_LWMP,non_lockin,0.25,0.016207615421321608
0.005,kappa_LWMP,non_lockin,0.5,0.08083416976198692
0.005,kappa_LWMP,non_lockin,0.75,0.17417631086597288
0.005,kappa_LWMP,non_lockin,0.95,0.42776115487298605
0.005,kappa_LWMP,non_lockin,0.99,0.7380125577086114
-0.005,delta_VWAP,lockin,0.01,-216.53740710229874
-0.005,delta_VWAP,lockin,0.05,-181.4348669390143
-0.005,delta_VWAP,lockin,0.25,-130.8183908565079
-0.005,delta_VWAP,lockin,0.5,-95.55779388247174
-0.005,delta_VWAP,lockin,0.75,-77.89269408796827
-0.005,delta_VWAP,lockin,0.95,-60.5140599125305
-0.005,delta_VWAP,lockin,0.99,-52.066077127707956
-0.005,delta_VWAP,non_lockin,0.01,-148.42670190293313
-0.005,delta_VWAP,non_lockin,0.05,-134.85702146219992
-0.005,delta_VWAP,non_lockin,0.25,-106.4000310705378
-0.005,delta_VWAP,non_lockin,0.5,-87.87937002937542
-0.005,delta_VWAP,non_lockin,0.75,-72.42765550678814
-0.005,delta_VWAP,non_lockin,0.95,-51.16487533024703
-0.005,delta_VWAP,non_lockin,0.99,-40.21818010255476
-0.005,delta_LWMP,lockin,0.01,-316.95651800000184
-0.005,delta_LWMP,lockin,0.05,-294.1643412500001
-0.005,delta_LWMP,lockin,0.25,-220.6064562499996
-0.005,delta_LWMP,lockin,0.5,-152.10471250000046
-0.005,delta_LWMP,lockin,0.75,-99.55866874999992
-0.005,delta_LWMP,lockin,0.95,-83.51696250000168
-0.005,delta_LWMP,lockin,0.99,-81.86428924999964
-0.005,delta_LWMP,non_lockin,0.01,-113.19660000000003
-0.005,delta_LWMP,non_lockin,0.05,-62.79750000000058
-0.005,delta_LWMP,non_lockin,0.25,-22.35000000000582
-0.005,delta_LWMP,non_lockin,0.5,-5.1524999999965075
-0.005,delta_LWMP,non_lockin,0.75,0.0
-0.005,delta_LWMP,non_lockin,0.95,0.0
-0.005,delta_LWMP,non_lockin,0.99,0.0
-0.005,kappa_VWAP,lockin,0.01,0.5022644112172894
-0.005,kappa_VWAP,lockin,0.05,0.5115677865419214
-0.005,kappa_VWAP,lockin,0.25,0.5649670488244151
-0.005,kappa_VWAP,lockin,0.5,0.6637270212897889
-0.005,kappa_VWAP,lockin,0.75,0.8000209003892462
-0.005,kappa_VWAP,lockin,0.95,0.9056916168334787
-0.005,kappa_VWAP,lockin,0.99,0.9463645985249342
-0.005,kappa_VWAP,non_lockin,0.01,0.2727698581738412
-0.005,kappa_VWAP,non_lockin,0.05,0.3100052002125294
-0.005,kappa_VWAP,non_lockin,0.25,0.37173712435619843
-0.005,kappa_VWAP,non_lockin,0.5,0.4168213751883266
-0.005,kappa_VWAP,non_lockin,0.75,0.4572289096625783
-0.005,kappa_VWAP,non_lockin,0.95,0.4910157399279834
-0.005,kappa_VWAP,non_lockin,0.99,0.4981586235105652
-0.005,kappa_LWMP,lockin,0.01,0.9999999999999819
-0.005,kappa_LWMP,lockin,0.05,0.9999999999999851
-0.005,kappa_LWMP,lockin,0.25,0.9999999999999928
-0.005,kappa_LWMP,lockin,0.5,1.0000000000000009
-0.005,kappa_LWMP,lockin,0.75,1.000000000000009
-0.005,kappa_LWMP,lockin,0.95,1.0000000000000167
-0.005,kappa_LWMP,lockin,0.99,1.00000000000002
-0.005,kappa_LWMP,non_lockin,0.01,0.0
-0.005,kappa_LWMP,non_lockin,0.05,0.0
-0.005,kappa_LWMP,non_lockin,0.25,-0.0
-0.005,kappa_LWMP,non_lockin,0.5,0.022856138191688226
-0.005,kappa_LWMP,non_lockin,0.75,0.10796302007864304
-0.005,kappa_LWMP,non_lockin,0.95,0.3436444083819468
-0.005,kappa_LWMP,non_lockin,0.99,0.6242281730818506
0.01,delta_VWAP,lockin,0.01,104.13215425541071
0.01,delta_VWAP,lockin,0.05,121.02811982506137
0.01,delta_VWAP,lockin,0.25,155.7853881759347
0.01,delta_VWAP,lockin,0.5,191.11558776495076
0.01,delta_VWAP,lockin,0.75,261.63678171301945
0.01,delta_VWAP,lockin,0.95,362.8697338780346
0.01,delta_VWAP,lockin,0.99,433.07481420462216
0.01,delta_VWAP,non_lockin,0.01,80.43636020510749
0.01,delta_VWAP,non_lockin,0.05,102.32975066049985
0.01,delta_VWAP,non_lockin,0.25,144.85531101357265
0.01,delta_VWAP,non_lockin,0.5,175.7587400587363
0.01,delta_VWAP,non_lockin,0.75,212.8000621410756
0.01,delta_VWAP,non_lockin,0.95,269.71404292440127
0.01,delta_VWAP,non_lockin,0.99,296.85340380585257
0.01,delta_LWMP,lockin,0.01,163.7285784999993
0.01,delta_LWMP,lockin,0.05,167.03392499999973
0.01,delta_LWMP,lockin,0.25,199.11733749999985
0.01,delta_LWMP,lockin,0.5,304.2094250000009
0.01,delta_LWMP,lockin,0.75,441.2129124999992
0.01,delta_LWMP,lockin,0.95,588.3286825000004
0.01,delta_LWMP,lockin,0.99,633.9130359999994
0.01,delta_LWMP,non_lockin,0.01,0.0
0.01,delta_LWMP,non_lockin,0.05,0.0
0.01,delta_LWMP,non_lockin,0.25,3.0874999999941792
0.01,delta_LWMP,non_lockin,0.5,17.499999999992724
0.01,delta_LWMP,non_lockin,0.75,39.029979895
0.01,delta_LWMP,non_lockin,0.95,99.71400000000541
0.01,delta_LWMP,non_lockin,0.99,164.8911000000045
0.01,kappa_VWAP,lockin,0.01,0.5022644112173148
0.01,kappa_VWAP,lockin,0.05,0.5115677865419402
0.01,kappa_VWAP,lockin,0.25,0.5649670488244061
0.01,kappa_VWAP,lockin,0.5,0.6637270212897518
0.01,kappa_VWAP,lockin,0.75,0.8000209003892462
0.01,kappa_VWAP,lockin,0.95,0.9056916168334764
0.01,kappa_VWAP,lockin,0.99,0.946364598524956
0.01,kappa_VWAP,non_lockin,0.01,0.27276985817385285
0.01,kappa_VWAP,non_lockin,0.05,0.3100052002125556
0.01,kappa_VWAP,non_lockin,0.25,0.3717371243562206
0.01,kappa_VWAP,non_lockin,0.5,0.41682137518830153
0.01,kappa_VWAP,non_lockin,0.75,0.45722890966261587
0.01,kappa_VWAP,non_lockin,0.95,0.4910157399279834
0.01,kappa_VWAP,non_lockin,0.99,0.4981586235105578
0.01,kappa_LWMP,lockin,0.01,0.9999999999999913
0.01,kappa_LWMP,lockin,0.05,0.9999999999999929
0.01,kappa_LWMP,lockin,0.25,0.9999999999999968
0.01,kappa_LWMP,lockin,0.5,1.0000000000000009
0.01,kappa_LWMP,lockin,0.75,1.0000000000000049
0.01,kappa_LWMP,lockin,0.95,1.0000000000000089
0.01,kappa_LWMP,lockin,0.99,1.0000000000000107
0.01,kappa_LWMP,non_lockin,0.01,0.0
0.01,kappa_LWMP,non_lockin,0.05,0.0
0.01,kappa_LWMP,non_lockin,0.25,0.00814673168965149
0.01,kappa_LWMP,non_lockin,0.5,0.04047616822448359
0.01,kappa_LWMP,non_lockin,0.75,0.08720828494614362
0.01,kappa_LWMP,non_lockin,0.95,0.21468940164722805
0.01,kappa_LWMP,non_lockin,0.99,0.3744553457040644
-0.01,delta_VWAP,lockin,0.01,-433.07481420460783
-0.01,delta_VWAP,lockin,0.05,-362.8697338780286
-0.01,delta_VWAP,lockin,0.25,-261.6367817130158
-0.01,delta_VWAP,lockin,0.5,-191.11558776495076
-0.01,delta_VWAP,lockin,0.75,-155.7853881759347
-0.01,delta_VWAP,lockin,0.95,-121.02811982506137
-0.01,delta_VWAP,lockin,0.99,-104.13215425541486
-0.01,delta_VWAP,non_lockin,0.01,-296.85340380587036
-0.01,delta_VWAP,non_lockin,0.05,-269.71404292440275
-0.01,delta_VWAP,non_lockin,0.25,-212.8000621410756
-0.01,delta_VWAP,non_lockin,0.5,-175.75874005874357
-0.01,delta_VWAP,non_lockin,0.75,-144.85531101357628
-0.01,delta_VWAP,non_lockin,0.95,-102.32975066050061
-0.01,delta_VWAP,non_lockin,0.99,-80.43636020510341
-0.01,delta_LWMP,lockin,0.01,-633.9130359999995
-0.01,delta_LWMP,lockin,0.05,-588.3286825000002
-0.01,delta_LWMP,lockin,0.25,-441.2129124999992
-0.01,delta_LWMP,lockin,0.5,-304.2094250000009
-0.01,delta_LWMP,lockin,0.75,-199.11733749999985
-0.01,delta_LWMP,lockin,0.95,-167.03392499999973
-0.01,delta_LWMP,lockin,0.99,-163.72857850000005
-0.01,delta_LWMP,non_lockin,0.01,-116.00749999999971
-0.01,delta_LWMP,non_lockin,0.05,-63.05000000000291
-0.01,delta_LWMP,non_lockin,0.25,-22.400000000001455
-0.01,delta_LWMP,non_lockin,0.5,-5.172500000000582
-0.01,delta_LWMP,non_lockin,0.75,0.0
-0.01,delta_LWMP,non_lockin,0.95,0.0
-0.01,delta_LWMP,non_lockin,0.99,0.0
-0.01,kappa_VWAP,lockin,0.01,0.5022644112173076
-0.01,kappa_VWAP,lockin,0.05,0.511567786541923
-0.01,kappa_VWAP,lockin,0.25,0.5649670488244242
-0.01,kappa_VWAP,lockin,0.5,0.6637270212897703
-0.01,kappa_VWAP,lockin,0.75,0.8000209003892378
-0.01,kappa_VWAP,lockin,0.95,0.9056916168334764
-0.01,kappa_VWAP,lockin,0.99,0.9463645985249421
-0.01,kappa_VWAP,non_lockin,0.01,0.27276985817386445
-0.01,kappa_VWAP,non_lockin,0.05,0.3100052002125359
-0.01,kappa_VWAP,non_lockin,0.25,0.3717371243562206
-0.01,kappa_VWAP,non_lockin,0.5,0.41682137518830153
-0.01,kappa_VWAP,non_lockin,0.75,0.45722890966259705
-0.01,kappa_VWAP,non_lockin,0.95,0.4910157399279834
-0.01,kappa_VWAP,non_lockin,0.99,0.4981586235105578
-0.01,kappa_LWMP,lockin,0.01,0.9999999999999915
-0.01,kappa_LWMP,lockin,0.05,0.999999999999993
-0.01,kappa_LWMP,lockin,0.25,0.9999999999999968
-0.01,kappa_LWMP,lockin,0.5,1.0000000000000009
-0.01,kappa_LWMP,lockin,0.75,1.0000000000000049
-0.01,kappa_LWMP,lockin,0.95,1.0000000000000087
-0.01,kappa_LWMP,lockin,0.99,1.0000000000000104
-0.01,kappa_LWMP,non_lockin,0.01,0.0
-0.01,kappa_LWMP,non_lockin,0.05,0.0
-0.01,kappa_LWMP,non_lockin,0.25,-0.0
-0.01,kappa_LWMP,non_lockin,0.5,0.011468778655701783
-0.01,kappa_LWMP,non_lockin,0.75,0.05412100047577955
-0.01,kappa_LWMP,non_lockin,0.95,0.17236215155145693
-0.01,kappa_LWMP,non_lockin,0.99,0.3169259425032953
