lambda,variable,state,stat,value
0.001,delta_VWAP,lockin,n,583343.0
0.001,delta_VWAP,lockin,mean,21.394916080820206
0.001,delta_VWAP,lockin,std,7.702280070575556
0.001,delta_VWAP,lockin,min,7.89470204319332
0.001,delta_VWAP,lockin,p01,10.413215425539638
0.001,delta_VWAP,lockin,p05,12.102811982506319
0.001,delta_VWAP,lockin,p25,15.578538817590015
0.001,delta_VWAP,lockin,p50,19.11155877649435
0.001,delta_VWAP,lockin,p75,26.163678171305946
0.001,delta_VWAP,lockin,p95,36.286973387803314
0.001,delta_VWAP,lockin,p99,43.307481420455275
0.001,delta_VWAP,lockin,max,60.70320292499673
0.001,delta_VWAP,lockin,share_zero,0.0
0.001,delta_VWAP,non_lockin,n,467857.0
0.001,delta_VWAP,non_lockin,mean,18.006211701154438
0.001,delta_VWAP,non_lockin,std,4.932514163504906
0.001,delta_VWAP,non_lockin,min,4.877267744144774
0.001,delta_VWAP,non_lockin,p01,8.043636020507547
0.001,delta_VWAP,non_lockin,p05,10.232975066052314
0.001,delta_VWAP,non_lockin,p25,14.485531101352535
0.001,delta_VWAP,non_lockin,p50,17.575874005866353
0.001,delta_VWAP,non_lockin,p75,21.28000621411047
0.001,delta_VWAP,non_lockin,p95,26.971404292437363
0.001,delta_VWAP,non_lockin,p99,29.685340380578417
0.001,delta_VWAP,non_lockin,max,33.95678695189417
0.001,delta_VWAP,non_lockin,share_zero,0.0
0.001,delta_LWMP,lockin,n,583343.0
0.001,delta_LWMP,lockin,mean,32.92921989548978
0.001,delta_LWMP,lockin,std,14.328596870087116
0.001,delta_LWMP,lockin,min,15.518812499998603
0.001,delta_LWMP,lockin,p01,16.372857849999928
0.001,delta_LWMP,lockin,p05,16.70339249999961
0.001,delta_LWMP,lockin,p25,19.911733749999257
0.001,delta_LWMP,lockin,p50,30.42094249999718
0.001,delta_LWMP,lockin,p75,44.1212912499941
0.001,delta_LWMP,lockin,p95,58.83286824999305
0.001,delta_LWMP,lockin,p99,63.391303599992234
0.001,delta_LWMP,lockin,max,68.6843724999926
0.001,delta_LWMP,lockin,share_zero,0.0
0.001,delta_LWMP,non_lockin,n,467857.0
0.001,delta_LWMP,non_lockin,mean,19.199722577095827
0.001,delta_LWMP,non_lockin,std,17.868250448949226
0.001,delta_LWMP,non_lockin,min,0.0
0.001,delta_LWMP,non_lockin,p01,0.0
0.001,delta_LWMP,non_lockin,p05,0.0
0.001,delta_LWMP,non_lockin,p25,1.8400000000037835
0.001,delta_LWMP,non_lockin,p50,15.400000000001455
0.001,delta_LWMP,non_lockin,p75,32.53500000000349
0.001,delta_LWMP,non_lockin,p95,53.793996499996865
0.001,delta_LWMP,non_lockin,p99,60.704941999997246
0.001,delta_LWMP,non_lockin,max,68.6349099999934
0.001,delta_LWMP,non_lockin,share_zero,0.2016449470671594
0.001,kappa_VWAP,lockin,n,583343.0
0.001,kappa_VWAP,lockin,mean,0.6849466088482563
0.001,kappa_VWAP,lockin,std,0.13138673062004216
0.001,kappa_VWAP,lockin,min,0.500000315290612
0.001,kappa_VWAP,lockin,p01,0.5022644112173911
0.001,kappa_VWAP,lockin,p05,0.5115677865420246
0.001,kappa_VWAP,lockin,p25,0.5649670488242895
0.001,kappa_VWAP,lockin,p50,0.6637270212896035
0.001,kappa_VWAP,lockin,p75,0.8000209003891704
0.001,kappa_VWAP,lockin,p95,0.905691616833548
0.001,kappa_VWAP,lockin,p99,0.9463645985248308
0.001,kappa_VWAP,lockin,max,0.9945077405351226
0.001,kappa_VWAP,lockin,share_zero,0.0
0.001,kappa_VWAP,non_lockin,n,467857.0
0.001,kappa_VWAP,non_lockin,mean,0.41109282564526634
0.001,kappa_VWAP,non_lockin,std,0.05630735668633274
0.001,kappa_VWAP,non_lockin,min,0.18588630652722765
0.001,kappa_VWAP,non_lockin,p01,0.27276985817382976
0.001,kappa_VWAP,non_lockin,p05,0.3100052002125818
0.001,kappa_VWAP,non_lockin,p25,0.37173712435619843
0.001,kappa_VWAP,non_lockin,p50,0.4168213751882261
0.001,kappa_VWAP,non_lockin,p75,0.4572289096626909
0.001,kappa_VWAP,non_lockin,p95,0.49101573992805675
0.001,kappa_VWAP,non_lockin,p99,0.498158623510536
0.001,kappa_VWAP,non_lockin,max,0.4999999851624325
0.001,kappa_VWAP,non_lockin,share_zero,0.0
0.001,kappa_LWMP,lockin,n,583343.0
0.001,kappa_LWMP,lockin,mean,0.9999999999998891
0.001,kappa_LWMP,lockin,std,4.996570274485784e-14
0.001,kappa_LWMP,lockin,min,0.9999999999997788
0.001,kappa_LWMP,lockin,p01,0.9999999999997942
0.001,kappa_LWMP,lockin,p05,0.9999999999998105
0.001,kappa_LWMP,lockin,p25,0.9999999999998487
0.001,kappa_LWMP,lockin,p50,0.9999999999998898
0.001,kappa_LWMP,lockin,p75,0.9999999999999308
0.001,kappa_LWMP,lockin,p95,0.9999999999999691
0.001,kappa_LWMP,lockin,p99,0.9999999999999855
0.001,kappa_LWMP,lockin,max,1.0000000000000009
0.001,kappa_LWMP,lockin,share_zero,0.0
0.001,kappa_LWMP,non_lockin,n,467857.0
0.001,kappa_LWMP,non_lockin,mean,0.42210840202736405
0.001,kappa_LWMP,non_lockin,std,0.3666452764412971
0.001,kappa_LWMP,non_lockin,min,0.0
0.001,kappa_LWMP,non_lockin,p01,0.0
0.001,kappa_LWMP,non_lockin,p05,0.0
0.001,kappa_LWMP,non_lockin,p25,0.049802288642133576
0.001,kappa_LWMP,non_lockin,p50,0.35767999153284563
0.001,kappa_LWMP,non_lockin,p75,0.7681415674211237
0.001,kappa_LWMP,non_lockin,p95,0.9999999999998991
0.001,kappa_LWMP,non_lockin,p99,0.9999999999999526
0.001,kappa_LWMP,non_lockin,max,1.0000000000000002
0.001,kappa_LWMP,non_lockin,share_zero,0.2016470844723922
-0.001,delta_VWAP,lockin,n,583343.0
-0.001,delta_VWAP,lockin,mean,-21.394916080822583
-0.001,delta_VWAP,lockin,std,7.702280070576412
-0.001,delta_VWAP,lockin,min,-60.703202925025835
-0.001,delta_VWAP,lockin,p01,-43.30748142045224
-0.001,delta_VWAP,lockin,p05,-36.28697338779748
-0.001,delta_VWAP,lockin,p25,-26.16367817129867
-0.001,delta_VWAP,lockin,p50,-19.11155877649435
-0.001,delta_VWAP,lockin,p75,-15.578538817593653
-0.001,delta_VWAP,lockin,p95,-12.102811982506683
-0.001,delta_VWAP,lockin,p99,-10.41321542554117
-0.001,delta_VWAP,lockin,max,-7.894702043198777
-0.001,delta_VWAP,lockin,share_zero,0.0
-0.001,delta_VWAP,non_lockin,n,467857.0
-0.001,delta_VWAP,non_lockin,mean,-18.006211701156438
-0.001,delta_VWAP,non_lockin,std,4.932514163505448
-0.001,delta_VWAP,non_lockin,min,-33.95678695189417
-0.001,delta_VWAP,non_lockin,p01,-29.6853403805953
-0.001,delta_VWAP,non_lockin,p05,-26.971404292437363
-0.001,delta_VWAP,non_lockin,p25,-21.28000621411047
-0.001,delta_VWAP,non_lockin,p50,-17.575874005880905
-0.001,delta_VWAP,non_lockin,p75,-14.485531101359811
-0.001,delta_VWAP,non_lockin,p95,-10.232975066047224
-0.001,delta_VWAP,non_lockin,p99,-8.043636020511185
-0.001,delta_VWAP,non_lockin,max,-4.877267744144774
-0.001,delta_VWAP,non_lockin,share_zero,0.0
-0.001,delta_LWMP,lockin,n,583343.0
-0.001,delta_LWMP,lockin,mean,-32.92921989549343
-0.001,delta_LWMP,lockin,std,14.328596870088708
-0.001,delta_LWMP,lockin,min,-68.68437250000716
-0.001,delta_LWMP,lockin,p01,-63.39130359999952
-0.001,delta_LWMP,lockin,p05,-58.83286825000032
-0.001,delta_LWMP,lockin,p25,-44.12129124999774
-0.001,delta_LWMP,lockin,p50,-30.42094250000082
-0.001,delta_LWMP,lockin,p75,-19.911733749999257
-0.001,delta_LWMP,lockin,p95,-16.70339249999961
-0.001,delta_LWMP,lockin,p99,-16.372857849999928
-0.001,delta_LWMP,lockin,max,-15.518812500000422
-0.001,delta_LWMP,lockin,share_zero,0.0
-0.001,delta_LWMP,non_lockin,n,467857.0
-0.001,delta_LWMP,non_lockin,mean,-10.842759880196349
-0.001,delta_LWMP,non_lockin,std,13.866069509365772
-0.001,delta_LWMP,non_lockin,min,-68.68150500000047
-0.001,delta_LWMP,non_lockin,p01,-54.026927400004354
-0.001,delta_LWMP,non_lockin,p05,-39.441565500001886
-0.001,delta_LWMP,non_lockin,p25,-19.029999999998836
-0.001,delta_LWMP,non_lockin,p50,-4.157500000001164
-0.001,delta_LWMP,non_lockin,p75,0.0
-0.001,delta_LWMP,non_lockin,p95,0.0
-0.001,delta_LWMP,non_lockin,p99,0.0
-0.001,delta_LWMP,non_lockin,max,0.0
-0.001,delta_LWMP,non_lockin,share_zero,0.3553628565993455
-0.001,kappa_VWAP,lockin,n,583343.0
-0.001,kappa_VWAP,lockin,mean,0.6849466088483323
-0.001,kappa_VWAP,lockin,std,0.13138673062005654
-0.001,kappa_VWAP,lockin,min,0.500000315290612
-0.001,kappa_VWAP,lockin,p01,0.5022644112173911
-0.001,kappa_VWAP,lockin,p05,0.5115677865418357
-0.001,kappa_VWAP,lockin,p25,0.5649670488245586
-0.001,kappa_VWAP,lockin,p50,0.6637270212899742
-0.001,kappa_VWAP,lockin,p75,0.8000209003892617
-0.001,kappa_VWAP,lockin,p95,0.905691616833418
-0.001,kappa_VWAP,lockin,p99,0.9463645985250198
-0.001,kappa_VWAP,lockin,max,0.9945077405353068
-0.001,kappa_VWAP,lockin,share_zero,0.0
-0.001,kappa_VWAP,non_lockin,n,467857.0
-0.001,kappa_VWAP,non_lockin,mean,0.4110928256453118
-0.001,kappa_VWAP,non_lockin,std,0.05630735668633893
-0.001,kappa_VWAP,non_lockin,min,0.18588630652722765
-0.001,kappa_VWAP,non_lockin,p01,0.27276985817394567
-0.001,kappa_VWAP,non_lockin,p05,0.3100052002125165
-0.001,kappa_VWAP,non_lockin,p25,0.37173712435619843
-0.001,kappa_VWAP,non_lockin,p50,0.4168213751883517
-0.001,kappa_VWAP,non_lockin,p75,0.4572289096625032
-0.001,kappa_VWAP,non_lockin,p95,0.4910157399279241
-0.001,kappa_VWAP,non_lockin,p99,0.4981586235106104
-0.001,kappa_VWAP,non_lockin,max,0.4999999851619876
-0.001,kappa_VWAP,non_lockin,share_zero,0.0
-0.001,kappa_LWMP,lockin,n,583343.0
-0.001,kappa_LWMP,lockin,mean,1.0000000000000002
-0.001,kappa_LWMP,lockin,std,4.98944890485962e-14
-0.001,kappa_LWMP,lockin,min,0.9999999999998904
-0.001,kappa_LWMP,lockin,p01,0.9999999999999051
-0.001,kappa_LWMP,lockin,p05,0.9999999999999216
-0.001,kappa_LWMP,lockin,p25,0.9999999999999598
-0.001,kappa_LWMP,lockin,p50,1.0000000000000009
-0.001,kappa_LWMP,lockin,p75,1.0000000000000417
-0.001,kappa_LWMP,lockin,p95,1.0000000000000802
-0.001,kappa_LWMP,lockin,p99,1.0000000000000968
-0.001,kappa_LWMP,lockin,max,1.0000000000001117
-0.001,kappa_LWMP,lockin,share_zero,0.0
-0.001,kappa_LWMP,non_lockin,n,467857.0
-0.001,kappa_LWMP,non_lockin,mean,0.27338177896712634
-0.001,kappa_LWMP,non_lockin,std,0.35034980996450593
-0.001,kappa_LWMP,non_lockin,min,-0.0
-0.001,kappa_LWMP,non_lockin,p01,-0.0
-0.001,kappa_LWMP,non_lockin,p05,-0.0
-0.001,kappa_LWMP,non_lockin,p25,0.0
-0.001,kappa_LWMP,non_lockin,p50,0.09253707560489852
-0.001,kappa_LWMP,non_lockin,p75,0.4670012722452831
-0.001,kappa_LWMP,non_lockin,p95,0.9999999999999928
-0.001,kappa_LWMP,non_lockin,p99,1.0000000000000602
-0.001,kappa_LWMP,non_lockin,max,1.0000000000001117
-0.001,kappa_LWMP,non_lockin,share_zero,0.35538423065167346
0.005,delta_VWAP,lockin,n,583343.0
0.005,delta_VWAP,lockin,mean,106.97458040411055
0.005,delta_VWAP,lockin,std,38.511400352881175
0.005,delta_VWAP,lockin,min,39.473510215973874
0.005,delta_VWAP,lockin,p01,52.066077127704304
0.005,delta_VWAP,lockin,p05,60.51405991252759
0.005,delta_VWAP,lockin,p25,77.89269408796463
0.005,delta_VWAP,lockin,p50,95.55779388247174
0.005,delta_VWAP,lockin,p75,130.8183908565079
0.005,delta_VWAP,lockin,p95,181.43486693901366
0.005,delta_VWAP,lockin,p99,216.5374071023059
0.005,delta_VWAP,lockin,max,303.51601462507097
0.005,delta_VWAP,lockin,share_zero,0.0
0.005,delta_VWAP,non_lockin,n,467857.0
0.005,delta_VWAP,non_lockin,mean,90.03105850578014
0.005,delta_VWAP,non_lockin,std,24.66257081752671
0.005,delta_VWAP,non_lockin,min,24.386338720712956
0.005,delta_VWAP,non_lockin,p01,40.21818010255112
0.005,delta_VWAP,non_lockin,p05,51.16487533025283
0.005,delta_VWAP,non_lockin,p25,72.4276555067845
0.005,delta_VWAP,non_lockin,p50,87.87937002936815
0.005,delta_VWAP,non_lockin,p75,106.4000310705378
0.005,delta_VWAP,non_lockin,p95,134.85702146219555
0.005,delta_VWAP,non_lockin,p99,148.42670190291946
0.005,delta_VWAP,non_lockin,max,169.78393475948542
0.005,delta_VWAP,non_lockin,share_zero,0.0
0.005,delta_LWMP,lockin,n,583343.0
0.005,delta_LWMP,lockin,mean,164.6460994774636
0.005,delta_LWMP,lockin,std,71.64298435044195
0.005,delta_LWMP,lockin,min,77.59406249999847
0.005,delta_LWMP,lockin,p01,81.86428924999964
0.005,delta_LWMP,lockin,p05,83.51696249999804
0.005,delta_LWMP,lockin,p25,99.55866874999629
0.005,delta_LWMP,lockin,p50,152.10471249999682
0.005,delta_LWMP,lockin,p75,220.60645624999597
0.005,delta_LWMP,lockin,p95,294.1643412499929
0.005,delta_LWMP,lockin,p99,316.9565179999945
0.005,delta_LWMP,lockin,max,343.42186249999213
0.005,delta_LWMP,lockin,share_zero,0.0
0.005,delta_LWMP,non_lockin,n,467857.0
0.005,delta_LWMP,non_lockin,mean,28.236954323138388
0.005,delta_LWMP,non_lockin,std,34.65969800773217
0.005,delta_LWMP,non_lockin,min,0.0
0.005,delta_LWMP,non_lockin,p01,0.0
0.005,delta_LWMP,non_lockin,p05,0.0
0.005,delta_LWMP,non_lockin,p25,3.069999999999709
0.005,delta_LWMP,non_lockin,p50,17.472499999996217
0.005,delta_LWMP,non_lockin,p75,38.974999999998545
0.005,delta_LWMP,non_lockin,p95,99.37299999999802
0.005,delta_LWMP,non_lockin,p99,161.58580000000077
0.005,delta_LWMP,non_lockin,max,321.1631749999942
0.005,delta_LWMP,non_lockin,share_zero,0.1711228003428398
0.005,kappa_VWAP,lockin,n,583343.0
0.005,kappa_VWAP,lockin,mean,0.6849466088483174
0.005,kappa_VWAP,lockin,std,0.13138673062005385
0.005,kappa_VWAP,lockin,min,0.500000315290612
0.005,kappa_VWAP,lockin,p01,0.5022644112173039
0.005,kappa_VWAP,lockin,p05,0.5115677865419557
0.005,kappa_VWAP,lockin,p25,0.5649670488243794
0.005,kappa_VWAP,lockin,p50,0.6637270212897518
0.005,kappa_VWAP,lockin,p75,0.8000209003892294
0.005,kappa_VWAP,lockin,p95,0.905691616833444
0.005,kappa_VWAP,lockin,p99,0.9463645985249183
0.005,kappa_VWAP,lockin,max,0.9945077405352332
0.005,kappa_VWAP,lockin,share_zero,0.0
0.005,kappa_VWAP,non_lockin,n,467857.0
0.005,kappa_VWAP,non_lockin,mean,0.4110928256453028
0.005,kappa_VWAP,non_lockin,std,0.056307356686337726
0.005,kappa_VWAP,non_lockin,min,0.18588630652739258
0.005,kappa_VWAP,non_lockin,p01,0.2727698581738296
0.005,kappa_VWAP,non_lockin,p05,0.31000520021254246
0.005,kappa_VWAP,non_lockin,p25,0.3717371243562428
0.005,kappa_VWAP,non_lockin,p50,0.4168213751882764
0.005,kappa_VWAP,non_lockin,p75,0.4572289096626534
0.005,kappa_VWAP,non_lockin,p95,0.4910157399279834
0.005,kappa_VWAP,non_lockin,p99,0.4981586235105652
0.005,kappa_VWAP,non_lockin,max,0.4999999851622545
0.005,kappa_VWAP,non_lockin,share_zero,0.0
0.005,kappa_LWMP,lockin,n,583343.0
0.005,kappa_LWMP,lockin,mean,0.999999999999979
0.005,kappa_LWMP,lockin,std,1.0020868555838267e-14
0.005,kappa_LWMP,lockin,min,0.9999999999999565
0.005,kappa_LWMP,lockin,p01,0.9999999999999595
0.005,kappa_LWMP,lockin,p05,0.9999999999999628
0.005,kappa_LWMP,lockin,p25,0.9999999999999705
0.005,kappa_LWMP,lockin,p50,0.9999999999999787
0.005,kappa_LWMP,lockin,p75,0.9999999999999869
0.005,kappa_LWMP,lockin,p95,0.9999999999999946
0.005,kappa_LWMP,lockin,p99,0.9999999999999979
0.005,kappa_LWMP,lockin,max,1.0000000000000009
0.005,kappa_LWMP,lockin,share_zero,0.0
0.005,kappa_LWMP,non_lockin,n,467857.0
0.005,kappa_LWMP,non_lockin,mean,0.12578394589982417
0.005,kappa_LWMP,non_lockin,std,0.15255677058639328
0.005,kappa_LWMP,non_lockin,min,0.0
0.005,kappa_LWMP,non_lockin,p01,0.0
0.005,kappa_LWMP,non_lockin,p05,0.0
0.005,kappa_LWMP,non_lockin,p25,0.016207615421321608
0.005,kappa_LWMP,non_lockin,p50,0.08083416976198692
0.005,kappa_LWMP,non_lockin,p75,0.17417631086597288
0.005,kappa_LWMP,non_lockin,p95,0.42776115487298605
0.005,kappa_LWMP,non_lockin,p99,0.7380125577086114
0.005,kappa_LWMP,non_lockin,max,1.0000000000000004
0.005,kappa_LWMP,non_lockin,share_zero,0.1711249377480726
-0.005,delta_VWAP,lockin,n,583343.0
-0.005,delta_VWAP,lockin,mean,-106.97458040411293
-0.005,delta_VWAP,lockin,std,38.51140035288203
-0.005,delta_VWAP,lockin,min,-303.51601462510007
-0.005,delta_VWAP,lockin,p01,-216.53740710229874
-0.005,delta_VWAP,lockin,p05,-181.4348669390143
-0.005,delta_VWAP,lockin,p25,-130.8183908565079
-0.005,delta_VWAP,lockin,p50,-95.55779388247174
-0.005,delta_VWAP,lockin,p75,-77.89269408796827
-0.005,delta_VWAP,lockin,p95,-60.5140599125305
-0.005,delta_VWAP,lockin,p99,-52.066077127707956
-0.005,delta_VWAP,lockin,max,-39.47351021597751
-0.005,delta_VWAP,lockin,share_zero,0.0
-0.005,delta_VWAP,non_lockin,n,467857.0
-0.005,delta_VWAP,non_lockin,mean,-90.03105850578217
-0.005,delta_VWAP,non_lockin,std,24.66257081752725
-0.005,delta_VWAP,non_lockin,min,-169.78393475948542
-0.005,delta_VWAP,non_lockin,p01,-148.42670190293313
-0.005,delta_VWAP,non_lockin,p05,-134.85702146219992
-0.005,delta_VWAP,non_lockin,p25,-106.4000310705378
-0.005,delta_VWAP,non_lockin,p50,-87.87937002937542
-0.005,delta_VWAP,non_lockin,p75,-72.42765550678814
-0.005,delta_VWAP,non_lockin,p95,-51.16487533024703
-0.005,delta_VWAP,non_lockin,p99,-40.21818010255476
-0.005,delta_VWAP,non_lockin,max,-24.386338720716594
-0.005,delta_VWAP,non_lockin,share_zero,0.0
-0.005,delta_LWMP,lockin,n,583343.0
-0.005,delta_LWMP,lockin,mean,-164.64609947746723
-0.005,delta_LWMP,lockin,std,71.64298435044356
-0.005,delta_LWMP,lockin,min,-343.4218625000067
-0.005,delta_LWMP,lockin,p01,-316.95651800000184
-0.005,delta_LWMP,lockin,p05,-294.1643412500001
-0.005,delta_LWMP,lockin,p25,-220.6064562499996
-0.005,delta_LWMP,lockin,p50,-152.10471250000046
-0.005,delta_LWMP,lockin,p75,-99.55866874999992
-0.005,delta_LWMP,lockin,p95,-83.51696250000168
-0.005,delta_LWMP,lockin,p99,-81.86428924999964
-0.005,delta_LWMP,lockin,max,-77.59406250000029
-0.005,delta_LWMP,lockin,share_zero,0.0
-0.005,delta_LWMP,non_lockin,n,467857.0
-0.005,delta_LWMP,non_lockin,mean,-15.629750685751205
-0.005,delta_LWMP,non_lockin,std,24.441152449734105
-0.005,delta_LWMP,non_lockin,min,-319.0897624999998
-0.005,delta_LWMP,non_lockin,p01,-113.19660000000003
-0.005,delta_LWMP,non_lockin,p05,-62.79750000000058
-0.005,delta_LWMP,non_lockin,p25,-22.35000000000582
-0.005,delta_LWMP,non_lockin,p50,-5.1524999999965075
-0.005,delta_LWMP,non_lockin,p75,0.0
-0.005,delta_LWMP,non_lockin,p95,0.0
-0.005,delta_LWMP,non_lockin,p99,0.0
-0.005,delta_LWMP,non_lockin,max,0.0
-0.005,delta_LWMP,non_lockin,share_zero,0.3267515501531451
-0.005,kappa_VWAP,lockin,n,583343.0
-0.005,kappa_VWAP,lockin,mean,0.684946608848332
-0.005,kappa_VWAP,lockin,std,0.13138673062005676
-0.005,kappa_VWAP,lockin,min,0.500000315290612
-0.005,kappa_VWAP,lockin,p01,0.5022644112172894
-0.005,kappa_VWAP,lockin,p05,0.5115677865419214
-0.005,kappa_VWAP,lockin,p25,0.5649670488244151
-0.005,kappa_VWAP,lockin,p50,0.6637270212897889
-0.005,kappa_VWAP,lockin,p75,0.8000209003892462
-0.005,kappa_VWAP,lockin,p95,0.9056916168334787
-0.005,kappa_VWAP,lockin,p99,0.9463645985249342
-0.005,kappa_VWAP,lockin,max,0.9945077405352699
-0.005,kappa_VWAP,lockin,share_zero,0.0
-0.005,kappa_VWAP,non_lockin,n,467857.0
-0.005,kappa_VWAP,non_lockin,mean,0.4110928256453121
-0.005,kappa_VWAP,non_lockin,std,0.05630735668633902
-0.005,kappa_VWAP,non_lockin,min,0.18588630652735133
-0.005,kappa_VWAP,non_lockin,p01,0.2727698581738412
-0.005,kappa_VWAP,non_lockin,p05,0.3100052002125294
-0.005,kappa_VWAP,non_lockin,p25,0.37173712435619843
-0.005,kappa_VWAP,non_lockin,p50,0.4168213751883266
-0.005,kappa_VWAP,non_lockin,p75,0.4572289096625783
-0.005,kappa_VWAP,non_lockin,p95,0.4910157399279834
-0.005,kappa_VWAP,non_lockin,p99,0.4981586235105652
-0.005,kappa_VWAP,non_lockin,max,0.4999999851622249
-0.005,kappa_VWAP,non_lockin,share_zero,0.0
-0.005,kappa_LWMP,lockin,n,583343.0
-0.005,kappa_LWMP,lockin,mean,1.0000000000000002
-0.005,kappa_LWMP,lockin,std,9.969816158120978e-15
-0.005,kappa_LWMP,lockin,min,0.9999999999999789
-0.005,kappa_LWMP,lockin,p01,0.9999999999999819
-0.005,kappa_LWMP,lockin,p05,0.9999999999999851
-0.005,kappa_LWMP,lockin,p25,0.9999999999999928
-0.005,kappa_LWMP,lockin,p50,1.0000000000000009
-0.005,kappa_LWMP,lockin,p75,1.000000000000009
-0.005,kappa_LWMP,lockin,p95,1.0000000000000167
-0.005,kappa_LWMP,lockin,p99,1.00000000000002
-0.005,kappa_LWMP,lockin,max,1.0000000000000229
-0.005,kappa_LWMP,lockin,share_zero,0.0
-0.005,kappa_LWMP,non_lockin,n,467857.0
-0.005,kappa_LWMP,non_lockin,mean,0.08128157434345347
-0.005,kappa_LWMP,non_lockin,std,0.13329926417631152
-0.005,kappa_LWMP,non_lockin,min,-0.0
-0.005,kappa_LWMP,non_lockin,p01,-0.0
-0.005,kappa_LWMP,non_lockin,p05,-0.0
-0.005,kappa_LWMP,non_lockin,p25,0.0
-0.005,kappa_LWMP,non_lockin,p50,0.022856138191688226
-0.005,kappa_LWMP,non_lockin,p75,0.10796302007864304
-0.005,kappa_LWMP,non_lockin,p95,0.3436444083819468
-0.005,kappa_LWMP,non_lockin,p99,0.6242281730818506
-0.005,kappa_LWMP,non_lockin,max,1.0000000000000222
-0.005,kappa_LWMP,non_lockin,share_zero,0.32677506161070585
0.01,delta_VWAP,lockin,n,583343.0
0.01,delta_VWAP,lockin,mean,213.9491608082258
0.01,delta_VWAP,lockin,std,77.02280070576406
0.01,delta_VWAP,lockin,min,78.94702043195139
0.01,delta_VWAP,lockin,p01,104.13215425541071
0.01,delta_VWAP,lockin,p05,121.02811982506137
0.01,delta_VWAP,lockin,p25,155.7853881759347
0.01,delta_VWAP,lockin,p50,191.11558776495076
0.01,delta_VWAP,lockin,p75,261.63678171301945
0.01,delta_VWAP,lockin,p95,362.8697338780346
0.01,delta_VWAP,lockin,p99,433.07481420462216
0.01,delta_VWAP,lockin,max,607.032029250171
0.01,delta_VWAP,lockin,share_zero,0.0
0.01,delta_VWAP,non_lockin,n,467857.0
0.01,delta_VWAP,non_lockin,mean,180.0621170115644
0.01,delta_VWAP,non_lockin,std,49.325141635054514
0.01,delta_VWAP,non_lockin,min,48.77267744142955
0.01,delta_VWAP,non_lockin,p01,80.43636020510749
0.01,delta_VWAP,non_lockin,p05,102.32975066049985
0.01,delta_VWAP,non_lockin,p25,144.85531101357265
0.01,delta_VWAP,non_lockin,p50,175.7587400587363
0.01,delta_VWAP,non_lockin,p75,212.8000621410756
0.01,delta_VWAP,non_lockin,p95,269.71404292440127
0.01,delta_VWAP,non_lockin,p99,296.85340380585257
0.01,delta_VWAP,non_lockin,max,339.5678695189854
0.01,delta_VWAP,non_lockin,share_zero,0.0
0.01,delta_LWMP,lockin,n,583343.0
0.01,delta_LWMP,lockin,mean,329.29219895493446
0.01,delta_LWMP,lockin,std,143.28596870088708
0.01,delta_LWMP,lockin,min,155.18812500000058
0.01,delta_LWMP,lockin,p01,163.7285784999993
0.01,delta_LWMP,lockin,p05,167.03392499999973
0.01,delta_LWMP,lockin,p25,199.11733749999985
0.01,delta_LWMP,lockin,p50,304.2094250000009
0.01,delta_LWMP,lockin,p75,441.2129124999992
0.01,delta_LWMP,lockin,p95,588.3286825000004
0.01,delta_LWMP,lockin,p99,633.9130359999994
0.01,delta_LWMP,lockin,max,686.8437249999988
0.01,delta_LWMP,lockin,share_zero,0.0
0.01,delta_LWMP,non_lockin,n,467857.0
0.01,delta_LWMP,non_lockin,mean,28.569470575234558
0.01,delta_LWMP,non_lockin,std,36.472531024910545
0.01,delta_LWMP,non_lockin,min,0.0
0.01,delta_LWMP,non_lockin,p01,0.0
0.01,delta_LWMP,non_lockin,p05,0.0
0.01,delta_LWMP,non_lockin,p25,3.0874999999941792
0.01,delta_LWMP,non_lockin,p50,17.499999999992724
0.01,delta_LWMP,non_lockin,p75,39.029979895
0.01,delta_LWMP,non_lockin,p95,99.71400000000541
0.01,delta_LWMP,non_lockin,p99,164.8911000000045
0.01,delta_LWMP,non_lockin,max,584.099549999999
0.01,delta_LWMP,non_lockin,share_zero,0.17072738037477264
0.01,kappa_VWAP,lockin,n,583343.0
0.01,kappa_VWAP,lockin,mean,0.684946608848332
0.01,kappa_VWAP,lockin,std,0.1313867306200568
0.01,kappa_VWAP,lockin,min,0.5000003152905967
0.01,kappa_VWAP,lockin,p01,0.5022644112173148
0.01,kappa_VWAP,lockin,p05,0.5115677865419402
0.01,kappa_VWAP,lockin,p25,0.5649670488244061
0.01,kappa_VWAP,lockin,p50,0.6637270212897518
0.01,kappa_VWAP,lockin,p75,0.8000209003892462
0.01,kappa_VWAP,lockin,p95,0.9056916168334764
0.01,kappa_VWAP,lockin,p99,0.946364598524956
0.01,kappa_VWAP,lockin,max,0.9945077405352515
0.01,kappa_VWAP,lockin,share_zero,0.0
0.01,kappa_VWAP,non_lockin,n,467857.0
0.01,kappa_VWAP,non_lockin,mean,0.41109282564531213
0.01,kappa_VWAP,non_lockin,std,0.056307356686339
0.01,kappa_VWAP,non_lockin,min,0.18588630652739258
0.01,kappa_VWAP,non_lockin,p01,0.27276985817385285
0.01,kappa_VWAP,non_lockin,p05,0.3100052002125556
0.01,kappa_VWAP,non_lockin,p25,0.3717371243562206
0.01,kappa_VWAP,non_lockin,p50,0.41682137518830153
0.01,kappa_VWAP,non_lockin,p75,0.45722890966261587
0.01,kappa_VWAP,non_lockin,p95,0.4910157399279834
0.01,kappa_VWAP,non_lockin,p99,0.4981586235105578
0.01,kappa_VWAP,non_lockin,max,0.4999999851622545
0.01,kappa_VWAP,non_lockin,share_zero,0.0
0.01,kappa_LWMP,lockin,n,583343.0
0.01,kappa_LWMP,lockin,mean,1.0000000000000002
0.01,kappa_LWMP,lockin,std,5.057896916863875e-15
0.01,kappa_LWMP,lockin,min,0.9999999999999897
0.01,kappa_LWMP,lockin,p01,0.9999999999999913
0.01,kappa_LWMP,lockin,p05,0.9999999999999929
0.01,kappa_LWMP,lockin,p25,0.9999999999999968
0.01,kappa_LWMP,lockin,p50,1.0000000000000009
0.01,kappa_LWMP,lockin,p75,1.0000000000000049
0.01,kappa_LWMP,lockin,p95,1.0000000000000089
0.01,kappa_LWMP,lockin,p99,1.0000000000000107
0.01,kappa_LWMP,lockin,max,1.000000000000012
0.01,kappa_LWMP,lockin,share_zero,0.0
0.01,kappa_LWMP,non_lockin,n,467857.0
0.01,kappa_LWMP,non_lockin,mean,0.06374939347904451
0.01,kappa_LWMP,non_lockin,std,0.0815314022709796
0.01,kappa_LWMP,non_lockin,min,0.0
0.01,kappa_LWMP,non_lockin,p01,0.0
0.01,kappa_LWMP,non_lockin,p05,0.0
0.01,kappa_LWMP,non_lockin,p25,0.00814673168965149
0.01,kappa_LWMP,non_lockin,p50,0.04047616822448359
0.01,kappa_LWMP,non_lockin,p75,0.08720828494614362
0.01,kappa_LWMP,non_lockin,p95,0.21468940164722805
0.01,kappa_LWMP,non_lockin,p99,0.3744553457040644
0.01,kappa_LWMP,non_lockin,max,1.0000000000000104
0.01,kappa_LWMP,non_lockin,share_zero,0.17072951778000542
-0.01,delta_VWAP,lockin,n,583343.0
-0.01,delta_VWAP,lockin,mean,-213.94916080822586
-0.01,delta_VWAP,lockin,std,77.02280070576406
-0.01,delta_VWAP,lockin,min,-607.0320292502001
-0.01,delta_VWAP,lockin,p01,-433.07481420460783
-0.01,delta_VWAP,lockin,p05,-362.8697338780286
-0.01,delta_VWAP,lockin,p25,-261.6367817130158
-0.01,delta_VWAP,lockin,p50,-191.11558776495076
-0.01,delta_VWAP,lockin,p75,-155.7853881759347
-0.01,delta_VWAP,lockin,p95,-121.02811982506137
-0.01,delta_VWAP,lockin,p99,-104.13215425541486
-0.01,delta_VWAP,lockin,max,-78.9470204319532
-0.01,delta_VWAP,lockin,share_zero,0.0
-0.01,delta_VWAP,non_lockin,n,467857.0
-0.01,delta_VWAP,non_lockin,mean,-180.06211701156434
-0.01,delta_VWAP,non_lockin,std,49.32514163505451
-0.01,delta_VWAP,non_lockin,min,-339.5678695189854
-0.01,delta_VWAP,non_lockin,p01,-296.85340380587036
-0.01,delta_VWAP,non_lockin,p05,-269.71404292440275
-0.01,delta_VWAP,non_lockin,p25,-212.8000621410756
-0.01,delta_VWAP,non_lockin,p50,-175.75874005874357
-0.01,delta_VWAP,non_lockin,p75,-144.85531101357628
-0.01,delta_VWAP,non_lockin,p95,-102.32975066050061
-0.01,delta_VWAP,non_lockin,p99,-80.43636020510341
-0.01,delta_VWAP,non_lockin,max,-48.77267744142955
-0.01,delta_VWAP,non_lockin,share_zero,0.0
-0.01,delta_LWMP,lockin,n,583343.0
-0.01,delta_LWMP,lockin,mean,-329.2921989549344
-0.01,delta_LWMP,lockin,std,143.2859687008871
-0.01,delta_LWMP,lockin,min,-686.8437249999988
-0.01,delta_LWMP,lockin,p01,-633.9130359999995
-0.01,delta_LWMP,lockin,p05,-588.3286825000002
-0.01,delta_LWMP,lockin,p25,-441.2129124999992
-0.01,delta_LWMP,lockin,p50,-304.2094250000009
-0.01,delta_LWMP,lockin,p75,-199.11733749999985
-0.01,delta_LWMP,lockin,p95,-167.03392499999973
-0.01,delta_LWMP,lockin,p99,-163.72857850000005
-0.01,delta_LWMP,lockin,max,-155.18812500000058
-0.01,delta_LWMP,lockin,share_zero,0.0
-0.01,delta_LWMP,non_lockin,n,467857.0
-0.01,delta_LWMP,non_lockin,mean,-15.924093390792356
-0.01,delta_LWMP,non_lockin,std,26.42966164808246
-0.01,delta_LWMP,non_lockin,min,-639.632024999999
-0.01,delta_LWMP,non_lockin,p01,-116.00749999999971
-0.01,delta_LWMP,non_lockin,p05,-63.05000000000291
-0.01,delta_LWMP,non_lockin,p25,-22.400000000001455
-0.01,delta_LWMP,non_lockin,p50,-5.172500000000582
-0.01,delta_LWMP,non_lockin,p75,0.0
-0.01,delta_LWMP,non_lockin,p95,0.0
-0.01,delta_LWMP,non_lockin,p99,0.0
-0.01,delta_LWMP,non_lockin,max,0.0
-0.01,delta_LWMP,non_lockin,share_zero,0.3262257484658774
-0.01,kappa_VWAP,lockin,n,583343.0
-0.01,kappa_VWAP,lockin,mean,0.684946608848332
-0.01,kappa_VWAP,lockin,std,0.13138673062005676
-0.01,kappa_VWAP,lockin,min,0.5000003152905967
-0.01,kappa_VWAP,lockin,p01,0.5022644112173076
-0.01,kappa_VWAP,lockin,p05,0.511567786541923
-0.01,kappa_VWAP,lockin,p25,0.5649670488244242
-0.01,kappa_VWAP,lockin,p50,0.6637270212897703
-0.01,kappa_VWAP,lockin,p75,0.8000209003892378
-0.01,kappa_VWAP,lockin,p95,0.9056916168334764
-0.01,kappa_VWAP,lockin,p99,0.9463645985249421
-0.01,kappa_VWAP,lockin,max,0.9945077405352515
-0.01,kappa_VWAP,lockin,share_zero,0.0
-0.01,kappa_VWAP,non_lockin,n,467857.0
-0.01,kappa_VWAP,non_lockin,mean,0.4110928256453121
-0.01,kappa_VWAP,non_lockin,std,0.05630735668633904
-0.01,kappa_VWAP,non_lockin,min,0.18588630652737195
-0.01,kappa_VWAP,non_lockin,p01,0.27276985817386445
-0.01,kappa_VWAP,non_lockin,p05,0.3100052002125359
-0.01,kappa_VWAP,non_lockin,p25,0.3717371243562206
-0.01,kappa_VWAP,non_lockin,p50,0.41682137518830153
-0.01,kappa_VWAP,non_lockin,p75,0.45722890966259705
-0.01,kappa_VWAP,non_lockin,p95,0.4910157399279834
-0.01,kappa_VWAP,non_lockin,p99,0.4981586235105578
-0.01,kappa_VWAP,non_lockin,max,0.4999999851622397
-0.01,kappa_VWAP,non_lockin,share_zero,0.0
-0.01,kappa_LWMP,lockin,n,583343.0
-0.01,kappa_LWMP,lockin,mean,1.0000000000000002
-0.01,kappa_LWMP,lockin,std,4.969746261959476e-15
-0.01,kappa_LWMP,lockin,min,0.99999999999999
-0.01,kappa_LWMP,lockin,p01,0.9999999999999915
-0.01,kappa_LWMP,lockin,p05,0.999999999999993
-0.01,kappa_LWMP,lockin,p25,0.9999999999999968
-0.01,kappa_LWMP,lockin,p50,1.0000000000000009
-0.01,kappa_LWMP,lockin,p75,1.0000000000000049
-0.01,kappa_LWMP,lockin,p95,1.0000000000000087
-0.01,kappa_LWMP,lockin,p99,1.0000000000000104
-0.01,kappa_LWMP,lockin,max,1.0000000000000118
-0.01,kappa_LWMP,lockin,share_zero,0.0
-0.01,kappa_LWMP,non_lockin,n,467857.0
-0.01,kappa_LWMP,non_lockin,mean,0.04152868978524039
-0.01,kappa_LWMP,non_lockin,std,0.07335119195676217
-0.01,kappa_LWMP,non_lockin,min,-0.0
-0.01,kappa_LWMP,non_lockin,p01,-0.0
-0.01,kappa_LWMP,non_lockin,p05,-0.0
-0.01,kappa_LWMP,non_lockin,p25,0.0
-0.01,kappa_LWMP,non_lockin,p50,0.011468778655701783
-0.01,kappa_LWMP,non_lockin,p75,0.05412100047577955
-0.01,kappa_LWMP,non_lockin,p95,0.17236215155145693
-0.01,kappa_LWMP,non_lockin,p99,0.3169259425032953
-0.01,kappa_LWMP,non_lockin,max,1.0000000000000107
-0.01,kappa_LWMP,non_lockin,share_zero,0.3262492599234381
