metric,threshold,n,k,pivot_changed_rate,pivot_changed_ci_lo,pivot_changed_ci_hi,x_median,gamma,shock_type,lock_in,pivot_is_dominant_rate,HHI_roll_median,HHI_median,max_share_median
max_share,0.45,31430,6630,0.21094495704740693,0.20646994721595627,0.21549061900385943,0.3919954606925665,-0.5,inflate_only,0,0.44568883232580336,0.3255271401038393,0.2707652672282558,0.3919954606925665
max_share,0.45,68570,4965,0.07240775849496865,0.0704918051729556,0.07437162041643126,0.6092754020400386,-0.5,inflate_only,1,0.9342277964124253,0.3795303262882724,0.42920550382726336,0.6092754020400386
max_share,0.45,31430,7410,0.2357620108176901,0.23110164652418536,0.2404869613410397,0.3919954606925665,-0.5,reallocate_total_fixed,0,0.44568883232580336,0.3255271401038393,0.2707652672282558,0.3919954606925665
max_share,0.45,68570,8546,0.12463176316173254,0.12218048534349155,0.12712509825968815,0.6092754020400386,-0.5,reallocate_total_fixed,1,0.9342277964124253,0.3795303262882724,0.42920550382726336,0.6092754020400386
max_share,0.45,31430,5885,0.1872414890232262,0.18296694286729415,0.19159248101171394,0.3919954606925665,0.5,inflate_only,0,0.44568883232580336,0.3255271401038393,0.2707652672282558,0.3919954606925665
max_share,0.45,68570,3417,0.04983228817267026,0.04822864462865468,0.05148636973332326,0.6092754020400386,0.5,inflate_only,1,0.9342277964124253,0.3795303262882724,0.42920550382726336,0.6092754020400386
max_share,0.45,31430,7342,0.23359847279669105,0.22895334458337668,0.23830871606147935,0.3919954606925665,0.5,reallocate_total_fixed,0,0.44568883232580336,0.3255271401038393,0.2707652672282558,0.3919954606925665
max_share,0.45,68570,4293,0.06260755432404842,0.060818670313296005,0.06444544497582032,0.6092754020400386,0.5,reallocate_total_fixed,1,0.9342277964124253,0.3795303262882724,0.42920550382726336,0.6092754020400386
max_share,0.45,31430,8832,0.2810054088450525,0.27606300338252776,0.28600134194394355,0.3919954606925665,1.0,inflate_only,0,0.44568883232580336,0.3255271401038393,0.2707652672282558,0.3919954606925665
max_share,0.45,68570,5766,0.08408925185941374,0.08203524336236288,0.08618986012957859,0.6092754020400386,1.0,inflate_only,1,0.9342277964124253,0.3795303262882724,0.42920550382726336,0.6092754020400386
max_share,0.45,31430,10370,0.32993954820235444,0.3247623470120912,0.33515831632802057,0.3919954606925665,1.0,reallocate_total_fixed,0,0.44568883232580336,0.3255271401038393,0.2707652672282558,0.3919954606925665
max_share,0.45,68570,7485,0.1091585241359195,0.10684628992163094,0.11151454929377043,0.6092754020400386,1.0,reallocate_total_fixed,1,0.9342277964124253,0.3795303262882724,0.42920550382726336,0.6092754020400386
max_share,0.45,31430,12229,0.389086859688196,0.3837106260504984,0.3944902032111723,0.3919954606925665,2.0,inflate_only,0,0.44568883232580336,0.3255271401038393,0.2707652672282558,0.3919954606925665
max_share,0.45,68570,9619,0.14028000583345487,0.1377007987182322,0.14289951695665926,0.6092754020400386,2.0,inflate_only,1,0.9342277964124253,0.3795303262882724,0.42920550382726336,0.6092754020400386
max_share,0.45,31430,13956,0.4440343620744512,0.43854845036656165,0.4495339531535987,0.3919954606925665,2.0,reallocate_total_fixed,0,0.44568883232580336,0.3255271401038393,0.2707652672282558,0.3919954606925665
max_share,0.45,68570,12716,0.18544553011521073,0.18255408939826112,0.18837221437177593,0.6092754020400386,2.0,reallocate_total_fixed,1,0.9342277964124253,0.3795303262882724,0.42920550382726336,0.6092754020400386
max_share,0.46875,36506,7647,0.20947241549334356,0.20532867527801332,0.21367729488209822,0.4022664210717325,-0.5,inflate_only,0,0.4681422231961869,0.3272769142655287,0.2768913735187293,0.4022664210717325
max_share,0.46875,63494,3948,0.06217910353734211,0.060327131567326005,0.06408405156807051,0.6282850557189863,-0.5,inflate_only,1,0.9603742085866381,0.38585277591937944,0.44626377591061445,0.6282850557189863
max_share,0.46875,36506,8523,0.23346847093628445,0.22915701958386855,0.2378360116869108,0.4022664210717325,-0.5,reallocate_total_fixed,0,0.4681422231961869,0.3272769142655287,0.2768913735187293,0.4022664210717325
max_share,0.46875,63494,7433,0.11706617948152581,0.1145885695191123,0.11959012420202987,0.6282850557189863,-0.5,reallocate_total_fixed,1,0.9603742085866381,0.38585277591937944,0.44626377591061445,0.6282850557189863
max_share,0.46875,36506,6757,0.1850928614474333,0.1811420358626412,0.18910995668503397,0.4022664210717325,0.5,inflate_only,0,0.4681422231961869,0.3272769142655287,0.2768913735187293,0.4022664210717325
max_share,0.46875,63494,2545,0.04008252748291177,0.03858439182385314,0.04163631287487162,0.6282850557189863,0.5,inflate_only,1,0.9603742085866381,0.38585277591937944,0.44626377591061445,0.6282850557189863
max_share,0.46875,36506,8353,0.22881170218594205,0.22453120257687753,0.23314927117242518,0.4022664210717325,0.5,reallocate_total_fixed,0,0.4681422231961869,0.3272769142655287,0.2768913735187293,0.4022664210717325
max_share,0.46875,63494,3282,0.05168992345733455,0.04999474697651992,0.053439345183236266,0.6282850557189863,0.5,reallocate_total_fixed,1,0.9603742085866381,0.38585277591937944,0.44626377591061445,0.6282850557189863
max_share,0.46875,36506,10111,0.27696816961595355,0.2724012384999179,0.2815820359714784,0.4022664210717325,1.0,inflate_only,0,0.4681422231961869,0.3272769142655287,0.2768913735187293,0.4022664210717325
max_share,0.46875,63494,4487,0.07066809462311399,0.06870059508211578,0.07268754306209478,0.6282850557189863,1.0,inflate_only,1,0.9603742085866381,0.38585277591937944,0.44626377591061445,0.6282850557189863
max_share,0.46875,36506,11828,0.3240015339944119,0.31921939528431825,0.3288207101539919,0.4022664210717325,1.0,reallocate_total_fixed,0,0.4681422231961869,0.3272769142655287,0.2768913735187293,0.4022664210717325
max_share,0.46875,63494,6027,0.09492235486817652,0.0926668934198091,0.09722683046387012,0.6282850557189863,1.0,reallocate_total_fixed,1,0.9603742085866381,0.38585277591937944,0.44626377591061445,0.6282850557189863
max_share,0.46875,36506,13997,0.38341642469731,0.37844118214963685,0.3884162013126896,0.4022664210717325,2.0,inflate_only,0,0.4681422231961869,0.3272769142655287,0.2768913735187293,0.4022664210717325
max_share,0.46875,63494,7851,0.12364947869089993,0.12111172390127997,0.12623277166343227,0.6282850557189863,2.0,inflate_only,1,0.9603742085866381,0.38585277591937944,0.44626377591061445,0.6282850557189863
max_share,0.46875,36506,15998,0.4382293321645757,0.4331462545791951,0.44332540888592387,0.4022664210717325,2.0,reallocate_total_fixed,0,0.4681422231961869,0.3272769142655287,0.2768913735187293,0.4022664210717325
max_share,0.46875,63494,10674,0.16811037263363468,0.16522163051882505,0.17103927319038076,0.6282850557189863,2.0,reallocate_total_fixed,1,0.9603742085866381,0.38585277591937944,0.44626377591061445,0.6282850557189863
max_share,0.4875,41398,8666,0.20933378424078458,0.20544177703175245,0.21327973220661925,0.41152203764568507,-0.5,inflate_only,0,0.4920527561717957,0.3287106735737904,0.2827969023377781,0.41152203764568507
max_share,0.4875,58602,2929,0.04998122930957988,0.04824625144511627,0.05177520443651039,0.6486124553618318,-0.5,inflate_only,1,0.9845739053274633,0.3948326057553368,0.4666651463370699,0.6486124553618318
max_share,0.4875,41398,9632,0.23266824484274604,0.22862286224818842,0.23676323787157053,0.41152203764568507,-0.5,reallocate_total_fixed,0,0.4920527561717957,0.3287106735737904,0.2827969023377781,0.41152203764568507
max_share,0.4875,58602,6324,0.10791440565168424,0.10542792349178809,0.11045229006016608,0.6486124553618318,-0.5,reallocate_total_fixed,1,0.9845739053274633,0.3948326057553368,0.4666651463370699,0.6486124553618318
max_share,0.4875,41398,7551,0.1824001159476303,0.17870958634835804,0.1861495845538368,0.41152203764568507,0.5,inflate_only,0,0.4920527561717957,0.3287106735737904,0.2827969023377781,0.41152203764568507
max_share,0.4875,58602,1751,0.029879526296030853,0.028531566293041294,0.03128911888589144,0.6486124553618318,0.5,inflate_only,1,0.9845739053274633,0.3948326057553368,0.4666651463370699,0.6486124553618318
max_share,0.4875,41398,9280,0.22416541861925696,0.22017380838656456,0.2282082172091278,0.41152203764568507,0.5,reallocate_total_fixed,0,0.4920527561717957,0.3287106735737904,0.2827969023377781,0.41152203764568507
max_share,0.4875,58602,2355,0.04018634176307976,0.03862611921498593,0.04180684567908019,0.6486124553618318,0.5,reallocate_total_fixed,1,0.9845739053274633,0.3948326057553368,0.4666651463370699,0.6486124553618318
max_share,0.4875,41398,11270,0.2722353736895502,0.26796885814153926,0.27654415695100676,0.41152203764568507,1.0,inflate_only,0,0.4920527561717957,0.3287106735737904,0.2827969023377781,0.41152203764568507
max_share,0.4875,58602,3328,0.05678987065287874,0.05494488892334636,0.058692957034999195,0.6486124553618318,1.0,inflate_only,1,0.9845739053274633,0.3948326057553368,0.4666651463370699,0.6486124553618318
max_share,0.4875,41398,13176,0.31827624522923814,0.313806111529992,0.3227801025479829,0.41152203764568507,1.0,reallocate_total_fixed,0,0.4920527561717957,0.3287106735737904,0.2827969023377781,0.41152203764568507
max_share,0.4875,58602,4679,0.07984369134159244,0.07767655391865727,0.08206591107138564,0.6486124553618318,1.0,reallocate_total_fixed,1,0.9845739053274633,0.3948326057553368,0.4666651463370699,0.6486124553618318
max_share,0.4875,41398,15595,0.3767090197594087,0.37205283449319226,0.3813880849078424,0.41152203764568507,2.0,inflate_only,0,0.4920527561717957,0.3287106735737904,0.2827969023377781,0.41152203764568507
max_share,0.4875,58602,6253,0.10670284290638544,0.10422888432735875,0.10922836256933968,0.6486124553618318,2.0,inflate_only,1,0.9845739053274633,0.3948326057553368,0.4666651463370699,0.6486124553618318
max_share,0.4875,41398,17883,0.43197739021208753,0.4272121468263523,0.4367552569811151,0.41152203764568507,2.0,reallocate_total_fixed,0,0.4920527561717957,0.3287106735737904,0.2827969023377781,0.41152203764568507
max_share,0.4875,58602,8789,0.14997781645677621,0.1471098944774059,0.15289162619011737,0.6486124553618318,2.0,reallocate_total_fixed,1,0.9845739053274633,0.3948326057553368,0.4666651463370699,0.6486124553618318
max_share,0.50625,45982,9673,0.21036492540559348,0.20666389157357673,0.21411435074525037,0.4199558251195076,-0.5,inflate_only,0,0.5230307511634987,0.3299920896161469,0.2880528694675037,0.4199558251195076
max_share,0.50625,54018,1922,0.03558073234847643,0.03405129852067473,0.03717621772157051,0.6692520795366772,-0.5,inflate_only,1,1.0,0.40743695949686703,0.4887003010234327,0.6692520795366772
max_share,0.50625,45982,10730,0.2333521812883302,0.2295085168356963,0.23724039659508453,0.4199558251195076,-0.5,reallocate_total_fixed,0,0.5230307511634987,0.3299920896161469,0.2880528694675037,0.4199558251195076
max_share,0.50625,54018,5226,0.09674552926802177,0.09428121498593253,0.0992671959960433,0.6692520795366772,-0.5,reallocate_total_fixed,1,1.0,0.40743695949686703,0.4887003010234327,0.6692520795366772
max_share,0.50625,45982,8359,0.18178852594493497,0.1782900014193696,0.1853402164518632,0.4199558251195076,0.5,inflate_only,0,0.5230307511634987,0.3299920896161469,0.2880528694675037,0.4199558251195076
max_share,0.50625,54018,943,0.0174571439149913,0.016386506903747607,0.01859641007996366,0.6692520795366772,0.5,inflate_only,1,1.0,0.40743695949686703,0.4887003010234327,0.6692520795366772
max_share,0.50625,45982,10205,0.22193467008829543,0.21815974389872658,0.22575605474134883,0.4199558251195076,0.5,reallocate_total_fixed,0,0.5230307511634987,0.3299920896161469,0.2880528694675037,0.4199558251195076
max_share,0.50625,54018,1430,0.026472657262394016,0.02515214406056418,0.02786051739598268,0.6692520795366772,0.5,reallocate_total_fixed,1,1.0,0.40743695949686703,0.4887003010234327,0.6692520795366772
max_share,0.50625,45982,12397,0.2696054978034883,0.26556880010023604,0.2736806892469373,0.4199558251195076,1.0,inflate_only,0,0.5230307511634987,0.3299920896161469,0.2880528694675037,0.4199558251195076
max_share,0.50625,54018,2201,0.04074567736680366,0.03911084928397213,0.042445822416016715,0.6692520795366772,1.0,inflate_only,1,1.0,0.40743695949686703,0.4887003010234327,0.6692520795366772
max_share,0.50625,45982,14486,0.3150363185594363,0.31080595622181284,0.3192975841687582,0.4199558251195076,1.0,reallocate_total_fixed,0,0.5230307511634987,0.3299920896161469,0.2880528694675037,0.4199558251195076
max_share,0.50625,54018,3369,0.062368099522381426,0.06035974068442746,0.06443870010030876,0.6692520795366772,1.0,reallocate_total_fixed,1,1.0,0.40743695949686703,0.4887003010234327,0.6692520795366772
max_share,0.50625,45982,17156,0.3731025183767561,0.36869275960867975,0.3775334788603363,0.4199558251195076,2.0,inflate_only,0,0.5230307511634987,0.3299920896161469,0.2880528694675037,0.4199558251195076
max_share,0.50625,54018,4692,0.08685993557702988,0.08451420845443235,0.08926442111379769,0.6692520795366772,2.0,inflate_only,1,1.0,0.40743695949686703,0.4887003010234327,0.6692520795366772
max_share,0.50625,45982,19665,0.42766734809273194,0.4231514829235619,0.4321952984214162,0.4199558251195076,2.0,reallocate_total_fixed,0,0.5230307511634987,0.3299920896161469,0.2880528694675037,0.4199558251195076
max_share,0.50625,54018,7007,0.12971602058573067,0.12690888993086577,0.13257581449283531,0.6692520795366772,2.0,reallocate_total_fixed,1,1.0,0.40743695949686703,0.4887003010234327,0.6692520795366772
max_share,0.525,50292,10044,0.19971367215461705,0.19624258322351762,0.20323063286836707,0.4278830819630344,-0.5,inflate_only,0,0.5639067843792254,0.3313146063367705,0.2930353738476369,0.4278830819630344
max_share,0.525,49708,1551,0.031202220970467532,0.029709624636279203,0.032767272216401466,0.6911977821019026,-0.5,inflate_only,1,1.0,0.4322170511542622,0.5129092434901278,0.6911977821019026
max_share,0.525,50292,11167,0.22204326731885787,0.21843209508926217,0.22569690025893377,0.4278830819630344,-0.5,reallocate_total_fixed,0,0.5639067843792254,0.3313146063367705,0.2930353738476369,0.4278830819630344
max_share,0.525,49708,4789,0.09634264102357769,0.09377984209193008,0.09896782710727334,0.6911977821019026,-0.5,reallocate_total_fixed,1,1.0,0.4322170511542622,0.5129092434901278,0.6911977821019026
max_share,0.525,50292,8926,0.17748349638113417,0.17416884782484163,0.18084741260492718,0.4278830819630344,0.5,inflate_only,0,0.5639067843792254,0.3313146063367705,0.2930353738476369,0.4278830819630344
max_share,0.525,49708,376,0.007564174780719401,0.006839624152671658,0.00836483369223747,0.6911977821019026,0.5,inflate_only,1,1.0,0.4322170511542622,0.5129092434901278,0.6911977821019026
max_share,0.525,50292,10869,0.21611787162968266,0.21254232094650194,0.2197367881876417,0.4278830819630344,0.5,reallocate_total_fixed,0,0.5639067843792254,0.3313146063367705,0.2930353738476369,0.4278830819630344
max_share,0.525,49708,766,0.015409994367103887,0.014363977777328618,0.016530906631862127,0.6911977821019026,0.5,reallocate_total_fixed,1,1.0,0.4322170511542622,0.5129092434901278,0.6911977821019026
max_share,0.525,50292,13308,0.2646146504414221,0.26077732026935524,0.26848793811335764,0.4278830819630344,1.0,inflate_only,0,0.5639067843792254,0.3313146063367705,0.2930353738476369,0.4278830819630344
max_share,0.525,49708,1290,0.025951557093425604,0.024590061249411137,0.02738631936409645,0.6911977821019026,1.0,inflate_only,1,1.0,0.4322170511542622,0.5129092434901278,0.6911977821019026
max_share,0.525,50292,15552,0.30923407301360056,0.3052093821261423,0.3132879053315151,0.4278830819630344,1.0,reallocate_total_fixed,0,0.5639067843792254,0.3313146063367705,0.2930353738476369,0.4278830819630344
max_share,0.525,49708,2303,0.04633057053190633,0.044517479607614915,0.04821377821003954,0.6911977821019026,1.0,reallocate_total_fixed,1,1.0,0.4322170511542622,0.5129092434901278,0.6911977821019026
max_share,0.525,50292,18511,0.36807046846416924,0.36386560827366116,0.37229548222889847,0.4278830819630344,2.0,inflate_only,0,0.5639067843792254,0.3313146063367705,0.2930353738476369,0.4278830819630344
max_share,0.525,49708,3337,0.06713205117888468,0.06496535662887833,0.06936564751561507,0.6911977821019026,2.0,inflate_only,1,1.0,0.4322170511542622,0.5129092434901278,0.6911977821019026
max_share,0.525,50292,21248,0.42249264296508393,0.4181815955142628,0.42681553045091847,0.4278830819630344,2.0,reallocate_total_fixed,0,0.5639067843792254,0.3313146063367705,0.2930353738476369,0.4278830819630344
max_share,0.525,49708,5424,0.10911724470910115,0.10640644822847842,0.11188845396641434,0.6911977821019026,2.0,reallocate_total_fixed,1,1.0,0.4322170511542622,0.5129092434901278,0.6911977821019026
max_share,0.54375,54299,10365,0.1908874933240023,0.18760378255503196,0.1942149398007425,0.4349604932714137,-0.5,inflate_only,0,0.5960883257518554,0.3325588160582534,0.2976794026145032,0.4349604932714137
max_share,0.54375,45701,1230,0.02691407190214656,0.025469623047047252,0.028438048738867003,0.711413974357492,-0.5,inflate_only,1,1.0,0.5116530747501966,0.5373838716017114,0.711413974357492
max_share,0.54375,54299,11572,0.2131162636512643,0.20969214044874834,0.21658097745747923,0.4349604932714137,-0.5,reallocate_total_fixed,0,0.5960883257518554,0.3325588160582534,0.2976794026145032,0.4349604932714137
max_share,0.54375,45701,4384,0.09592787903984595,0.09326172088789986,0.09866196362608387,0.711413974357492,-0.5,reallocate_total_fixed,1,1.0,0.5116530747501966,0.5373838716017114,0.711413974357492
max_share,0.54375,54299,9171,0.1688981380872576,0.16577021366892083,0.17207290944307482,0.4349604932714137,0.5,inflate_only,0,0.5960883257518554,0.3325588160582534,0.2976794026145032,0.4349604932714137
max_share,0.54375,45701,131,0.002866458064374959,0.0024163205947957804,0.0034001660331766923,0.711413974357492,0.5,inflate_only,1,1.0,0.5116530747501966,0.5373838716017114,0.711413974357492
max_share,0.54375,54299,11217,0.206578390025599,0.20319391103499262,0.21000438465051346,0.4349604932714137,0.5,reallocate_total_fixed,0,0.5960883257518554,0.3325588160582534,0.2976794026145032,0.4349604932714137
max_share,0.54375,45701,418,0.009146408174875824,0.008313910547936804,0.010061420611727472,0.711413974357492,0.5,reallocate_total_fixed,1,1.0,0.5116530747501966,0.5373838716017114,0.711413974357492
max_share,0.54375,54299,13868,0.25540065194570805,0.2517500181631722,0.2590858935987641,0.4349604932714137,1.0,inflate_only,0,0.5960883257518554,0.3325588160582534,0.2976794026145032,0.4349604932714137
max_share,0.54375,45701,730,0.015973392267127635,0.014863940793981609,0.017164210901877246,0.711413974357492,1.0,inflate_only,1,1.0,0.5116530747501966,0.5373838716017114,0.711413974357492
max_share,0.54375,54299,16291,0.3000239415090517,0.2961835955592884,0.3038925816697131,0.4349604932714137,1.0,reallocate_total_fixed,0,0.5960883257518554,0.3325588160582534,0.2976794026145032,0.4349604932714137
max_share,0.54375,45701,1564,0.034222445898339206,0.03259439132744032,0.035928799878630936,0.711413974357492,1.0,reallocate_total_fixed,1,1.0,0.5116530747501966,0.5373838716017114,0.711413974357492
max_share,0.54375,54299,19527,0.3596198825024402,0.3555934816096628,0.3636661454961128,0.4349604932714137,2.0,inflate_only,0,0.5960883257518554,0.3325588160582534,0.2976794026145032,0.4349604932714137
max_share,0.54375,45701,2321,0.05078663486575786,0.04881109462088986,0.05283769000152528,0.711413974357492,2.0,inflate_only,1,1.0,0.5116530747501966,0.5373838716017114,0.711413974357492
max_share,0.54375,54299,22508,0.41451960441260427,0.41038208839251417,0.4186692148821933,0.4349604932714137,2.0,reallocate_total_fixed,0,0.5960883257518554,0.3325588160582534,0.2976794026145032,0.4349604932714137
max_share,0.54375,45701,4164,0.09111398000043763,0.08850983608597644,0.09378685958838294,0.711413974357492,2.0,reallocate_total_fixed,1,1.0,0.5116530747501966,0.5373838716017114,0.711413974357492
max_share,0.5625,57898,10662,0.18415143873708936,0.18101512383054058,0.18732966470551177,0.4412863085850953,-0.5,inflate_only,0,0.6211958962313033,0.3335782498010418,0.3019036295582473,0.4412863085850953
max_share,0.5625,42102,933,0.022160467436226308,0.02079731434146032,0.023610813579678303,0.730181119306148,-0.5,inflate_only,1,1.0,0.5580468197083641,0.5607089287588576,0.730181119306148
max_share,0.5625,57898,11959,0.2065529033818094,0.20327481731155653,0.20986992798442036,0.4412863085850953,-0.5,reallocate_total_fixed,0,0.6211958962313033,0.3335782498010418,0.3019036295582473,0.4412863085850953
max_share,0.5625,42102,3997,0.094936107548335,0.09217293516494834,0.09777319335513807,0.730181119306148,-0.5,reallocate_total_fixed,1,1.0,0.5580468197083641,0.5607089287588576,0.730181119306148
max_share,0.5625,57898,9282,0.16031641852913744,0.157350346689218,0.16332756418400018,0.4412863085850953,0.5,inflate_only,0,0.6211958962313033,0.3335782498010418,0.3019036295582473,0.4412863085850953
max_share,0.5625,42102,20,0.0004750368153531899,0.0003075454059748023,0.0007336782896940668,0.730181119306148,0.5,inflate_only,1,1.0,0.5580468197083641,0.5607089287588576,0.730181119306148
max_share,0.5625,57898,11424,0.19731251511278455,0.19409092761938057,0.20057426727832367,0.4412863085850953,0.5,reallocate_total_fixed,0,0.6211958962313033,0.3335782498010418,0.3019036295582473,0.4412863085850953
max_share,0.5625,42102,211,0.0050116384019761534,0.004380786541045388,0.005732812518330736,0.730181119306148,0.5,reallocate_total_fixed,1,1.0,0.5580468197083641,0.5607089287588576,0.730181119306148
max_share,0.5625,57898,14198,0.24522436008152268,0.24173692812461647,0.24874559911852387,0.4412863085850953,1.0,inflate_only,0,0.6211958962313033,0.3335782498010418,0.3019036295582473,0.4412863085850953
max_share,0.5625,42102,400,0.009500736307063797,0.008617811422702102,0.010473164305473345,0.730181119306148,1.0,inflate_only,1,1.0,0.5580468197083641,0.5607089287588576,0.730181119306148
max_share,0.5625,57898,16769,0.2896300390341635,0.2859493142934513,0.29333867850849094,0.4412863085850953,1.0,reallocate_total_fixed,0,0.6211958962313033,0.3335782498010418,0.3019036295582473,0.4412863085850953
max_share,0.5625,42102,1086,0.02579449907367821,0.024322979204803082,0.02735254887679214,0.730181119306148,1.0,reallocate_total_fixed,1,1.0,0.5580468197083641,0.5607089287588576,0.730181119306148
max_share,0.5625,57898,20228,0.34937303533800823,0.34549954028828317,0.3532665176120238,0.4412863085850953,2.0,inflate_only,0,0.6211958962313033,0.3335782498010418,0.3019036295582473,0.4412863085850953
max_share,0.5625,42102,1620,0.03847798204360838,0.036682347192901144,0.040357832429111215,0.730181119306148,2.0,inflate_only,1,1.0,0.5580468197083641,0.5607089287588576,0.730181119306148
max_share,0.5625,57898,23433,0.40472900618328783,0.4007372611771226,0.40873339303433165,0.4412863085850953,2.0,reallocate_total_fixed,0,0.6211958962313033,0.3335782498010418,0.3019036295582473,0.4412863085850953
max_share,0.5625,42102,3239,0.0769322122464491,0.07442512030919657,0.07951650284078463,0.730181119306148,2.0,reallocate_total_fixed,1,1.0,0.5580468197083641,0.5607089287588576,0.730181119306148
max_share,0.58125,61170,10919,0.1785025339218571,0.17548807681550155,0.1815573698775177,0.4469454447738841,-0.5,inflate_only,0,0.6414582311590649,0.3346353484349064,0.30571002250309187,0.4469454447738841
max_share,0.58125,38830,676,0.01740921967550863,0.016155234787611022,0.018758684210297236,0.746502638355208,-0.5,inflate_only,1,1.0,0.5817180034336606,0.5815603976133832,0.746502638355208
max_share,0.58125,61170,12316,0.20134052640183095,0.1981814770987442,0.2045370861899148,0.4469454447738841,-0.5,reallocate_total_fixed,0,0.6414582311590649,0.3346353484349064,0.30571002250309187,0.4469454447738841
max_share,0.58125,38830,3640,0.0937419520988926,0.09088289150688099,0.09668139005520889,0.746502638355208,-0.5,reallocate_total_fixed,1,1.0,0.5817180034336606,0.5815603976133832,0.746502638355208
max_share,0.58125,61170,9302,0.1520680071930685,0.14924418076471196,0.15493553254595255,0.4469454447738841,0.5,inflate_only,0,0.6414582311590649,0.3346353484349064,0.30571002250309187,0.4469454447738841
max_share,0.58125,38830,0,0.0,0.0,9.892402712998653e-05,0.746502638355208,0.5,inflate_only,1,1.0,0.5817180034336606,0.5815603976133832,0.746502638355208
max_share,0.58125,61170,11543,0.18870361288213178,0.18562244774100206,0.1918238756561541,0.4469454447738841,0.5,reallocate_total_fixed,0,0.6414582311590649,0.3346353484349064,0.30571002250309187,0.4469454447738841
max_share,0.58125,38830,92,0.002369302086015967,0.0019324752520900785,0.0029045841852641703,0.746502638355208,0.5,reallocate_total_fixed,1,1.0,0.5817180034336606,0.5815603976133832,0.746502638355208
max_share,0.58125,61170,14410,0.235572993297368,0.23222673522392961,0.23895246238918882,0.4469454447738841,1.0,inflate_only,0,0.6414582311590649,0.3346353484349064,0.30571002250309187,0.4469454447738841
max_share,0.58125,38830,188,0.004841617306206541,0.004198478471875515,0.005582722263104051,0.746502638355208,1.0,inflate_only,1,1.0,0.5817180034336606,0.5815603976133832,0.746502638355208
max_share,0.58125,61170,17141,0.2802190616315187,0.27667388410591304,0.28379184280047115,0.4469454447738841,1.0,reallocate_total_fixed,0,0.6414582311590649,0.3346353484349064,0.30571002250309187,0.4469454447738841
max_share,0.58125,38830,714,0.018387844450167397,0.01709839285343249,0.019772582074785792,0.746502638355208,1.0,reallocate_total_fixed,1,1.0,0.5817180034336606,0.5815603976133832,0.746502638355208
max_share,0.58125,61170,20754,0.33928396272682687,0.3355420465227739,0.3430460642490695,0.4469454447738841,2.0,inflate_only,0,0.6414582311590649,0.3346353484349064,0.30571002250309187,0.4469454447738841
max_share,0.58125,38830,1094,0.028174092196755086,0.026574331770146453,0.029867202461172034,0.746502638355208,2.0,inflate_only,1,1.0,0.5817180034336606,0.5815603976133832,0.746502638355208
max_share,0.58125,61170,24200,0.39561876736962565,0.3917503576746202,0.39950028694731254,0.4469454447738841,2.0,reallocate_total_fixed,0,0.6414582311590649,0.3346353484349064,0.30571002250309187,0.4469454447738841
max_share,0.58125,38830,2472,0.0636621169199073,0.06127656748724937,0.06613399495373253,0.746502638355208,2.0,reallocate_total_fixed,1,1.0,0.5817180034336606,0.5815603976133832,0.746502638355208
max_share,0.6,64280,11134,0.17321095208462975,0.17030498256038581,0.1761559794117438,0.45262976620921974,-0.5,inflate_only,0,0.6588052271313005,0.3356204221096071,0.30929773575000363,0.45262976620921974
max_share,0.6,35720,461,0.012905935050391937,0.011786698753824688,0.014129931668139781,0.7616856842051372,-0.5,inflate_only,1,1.0,0.6007547703110507,0.6015344651005448,0.7616856842051372
max_share,0.6,64280,12635,0.1965619166148102,0.19350792690777463,0.19965217321915996,0.45262976620921974,-0.5,reallocate_total_fixed,0,0.6588052271313005,0.3356204221096071,0.30929773575000363,0.45262976620921974
max_share,0.6,35720,3321,0.09297312430011198,0.09000519473025234,0.09602859397627914,0.7616856842051372,-0.5,reallocate_total_fixed,1,1.0,0.6007547703110507,0.6015344651005448,0.7616856842051372
max_share,0.6,64280,9302,0.14471064094586186,0.14201214696550846,0.1474515990841676,0.45262976620921974,0.5,inflate_only,0,0.6588052271313005,0.3356204221096071,0.30929773575000363,0.45262976620921974
max_share,0.6,35720,0,0.0,0.0,0.0001075360271444043,0.7616856842051372,0.5,inflate_only,1,1.0,0.6007547703110507,0.6015344651005448,0.7616856842051372
max_share,0.6,64280,11602,0.18049159925326697,0.17753752596920577,0.18348386015778642,0.45262976620921974,0.5,reallocate_total_fixed,0,0.6588052271313005,0.3356204221096071,0.30929773575000363,0.45262976620921974
max_share,0.6,35720,33,0.0009238521836506159,0.0006579337147292858,0.0012971079849293536,0.7616856842051372,0.5,reallocate_total_fixed,1,1.0,0.6007547703110507,0.6015344651005448,0.7616856842051372
max_share,0.6,64280,14519,0.22587118855009333,0.22265500171908764,0.2291201392363963,0.45262976620921974,1.0,inflate_only,0,0.6588052271313005,0.3356204221096071,0.30929773575000363,0.45262976620921974
max_share,0.6,35720,79,0.002211646136618141,0.001775103752563966,0.0027552488845387583,0.7616856842051372,1.0,inflate_only,1,1.0,0.6007547703110507,0.6015344651005448,0.7616856842051372
max_share,0.6,64280,17398,0.27065961418792783,0.26723864591175006,0.2741079932100787,0.45262976620921974,1.0,reallocate_total_fixed,0,0.6588052271313005,0.3356204221096071,0.30929773575000363,0.45262976620921974
max_share,0.6,35720,457,0.012793952967525196,0.011679745943027677,0.014012944397419918,0.7616856842051372,1.0,reallocate_total_fixed,1,1.0,0.6007547703110507,0.6015344651005448,0.7616856842051372
max_share,0.6,64280,21129,0.3287025513378967,0.3250814563606293,0.3323441197735762,0.45262976620921974,2.0,inflate_only,0,0.6588052271313005,0.3356204221096071,0.30929773575000363,0.45262976620921974
max_share,0.6,35720,719,0.020128779395296753,0.018723103953860825,0.021637661725942208,0.7616856842051372,2.0,inflate_only,1,1.0,0.6007547703110507,0.6015344651005448,0.7616856842051372
max_share,0.6,64280,24797,0.38576540136901055,0.3820092242864893,0.38953523176232285,0.45262976620921974,2.0,reallocate_total_fixed,0,0.6588052271313005,0.3356204221096071,0.30929773575000363,0.45262976620921974
max_share,0.6,35720,1875,0.05249160134378499,0.05022655519905515,0.05485289403912531,0.7616856842051372,2.0,reallocate_total_fixed,1,1.0,0.6007547703110507,0.6015344651005448,0.7616856842051372
