shock_type,delta_w,weight_factor,exchange_shocked,N,pivot_change_rate,median_abs_shift_lwmp,median_abs_shift_vwap,mean_abs_shift_lwmp,mean_abs_shift_vwap,median_pivot_margin_before,median_pivot_margin_after,median_pivot_margin_delta,median_share_shocked_before,median_share_shocked_after,median_share_shocked_delta
inflate_only,-0.5,0.5,BitMEX,16525,0.2771558245083207,0.0,7.86066085496306e-05,0.0001554530939018251,0.00010847315681737098,174685.51432590943,139973.9548569239,-29550.0,0.2896456259444776,0.1693483118692424,-0.11776250559456558
inflate_only,-0.5,0.5,Bitfinex,16525,0.06499243570347958,0.0,5.6119156471274845e-06,2.9907685862713063e-05,2.1789079187627458e-05,173068.20061333792,173647.0685361277,554.5993443077896,0.0299509974043046,0.0152031738118401,-0.0147478235924645
inflate_only,-0.5,0.5,Bitstamp,16400,0.041646341463414636,0.0,1.93962286204543e-06,1.6592233259525034e-05,8.553002859338125e-06,172577.6297308083,172672.94750816934,-162.5835141198786,0.01577218857030295,0.007948779110644951,-0.007823409459657999
inflate_only,-0.5,0.5,Coinbase,16984,0.2570065944418276,0.0,3.644227211533775e-05,0.00012656274781861043,5.6129376208058925e-05,169140.71941106714,137157.39210374333,-29690.548467489756,0.25727676386615383,0.14762915813647753,-0.1085169848374685
inflate_only,-0.5,0.5,KuCoin,16718,0.13009929417394425,0.0,2.415373015444515e-05,5.8130572408090044e-05,4.3590898342183094e-05,169648.86266253918,174968.21490528877,13865.05823201887,0.10724798251259454,0.056662458441915656,-0.0505855240706789
inflate_only,-0.5,0.5,OKX,16848,0.14381528964862297,0.0,2.2726800291943865e-05,6.16232755088783e-05,3.993267867604755e-05,170572.62809701342,168134.9441416356,7017.485666011547,0.09706394919471681,0.0510074677259403,-0.0460454375682247
inflate_only,0.5,1.5,BitMEX,16525,0.19909228441754917,0.0,5.5399963448992016e-05,0.00011349384974192708,7.248443719815411e-05,174685.51432590943,217066.94728090032,43050.0,0.2896456259444776,0.3795071464279529,0.08096005414623009
inflate_only,0.5,1.5,Bitfinex,16525,0.06069591527987897,0.0,5.394582661442419e-06,2.604945089514449e-05,1.8165011760511788e-05,173068.20061333792,173723.03817523085,-424.84854391461704,0.0299509974043046,0.0442636262293074,0.014310497601373796
inflate_only,0.5,1.5,Bitstamp,16400,0.04097560975609756,0.0,1.8932202571934793e-06,1.4286495077426285e-05,7.5864997295443935e-06,172577.6297308083,174789.88387701806,199.55661488141777,0.01577218857030295,0.0234731712026239,0.007700982632320951
inflate_only,0.5,1.5,Coinbase,16984,0.1784620819594913,0.0,2.693107063046971e-05,8.354442960340851e-05,3.960207425617644e-05,169140.71941106714,216549.85251388012,43641.15035919016,0.25727676386615383,0.3419298436635412,0.08081722510043224
inflate_only,0.5,1.5,KuCoin,16718,0.1292020576623998,0.0,2.1349113021490375e-05,6.0431369771951094e-05,3.496065304107841e-05,169648.86266253918,180899.63701327995,-10424.221562481587,0.10724798251259454,0.1526844254504067,0.04538203275792765
inflate_only,0.5,1.5,OKX,16848,0.12458452041785376,0.0,1.9999302215090955e-05,5.3250775296815923e-05,3.211786536087348e-05,170572.62809701342,181136.8732348982,-4999.920313301649,0.09706394919471681,0.1388569231247585,0.04164878742852745
inflate_only,1.0,2.0,BitMEX,16525,0.30269288956127083,0.0,9.681761847986298e-05,0.00019305707897590563,0.0001261607188964179,174685.51432590943,260990.89150648375,74250.0,0.2896456259444776,0.4491863813089807,0.14110716893436115
inflate_only,1.0,2.0,Bitfinex,16525,0.10995461422087746,0.0,1.0523579492198865e-05,5.1366359880612184e-05,3.396870211970069e-05,173068.20061333792,177533.0597520155,-610.7404298917972,0.0299509974043046,0.0581600434968024,0.028204908662494997
inflate_only,1.0,2.0,Bitstamp,16400,0.07548780487804878,0.0,3.738630669394537e-06,2.93632273279702e-05,1.4454948749239045e-05,172577.6297308083,176244.36321998763,392.7931594755282,0.01577218857030295,0.031054578443093152,0.0152823898727902
inflate_only,1.0,2.0,Coinbase,16984,0.27755534620819594,0.0,4.797286461721766e-05,0.00014089261708129962,6.991787733443282e-05,169140.71941106714,269500.88773510215,87465.54597198611,0.25727676386615383,0.4092603489141057,0.14318518204235364
inflate_only,1.0,2.0,KuCoin,16718,0.2240100490489293,0.0,4.049045311572235e-05,0.0001131760523213265,6.420910807350152e-05,169648.86266253918,193521.38752859156,-14078.347153684022,0.10724798251259454,0.1937198968586309,0.08626929562013415
inflate_only,1.0,2.0,OKX,16848,0.21058879392212726,0.0,3.778955869340394e-05,0.00010019428133091243,5.9158668802936845e-05,170572.62809701342,191840.31366581598,-6695.373749569902,0.09706394919471681,0.17695221735080574,0.07944818933204109
inflate_only,2.0,3.0,BitMEX,16525,0.4171860816944024,0.0,0.0001574501114372,0.00030309647402940203,0.00020255568580078429,174685.51432590943,363044.2605951495,148261.5465908954,0.2896456259444776,0.5502068581676222,0.22520632962406406
inflate_only,2.0,3.0,Bitfinex,16525,0.1896520423600605,0.0,2.0280302866786045e-05,9.783746576125918e-05,6.077331815039887e-05,173068.20061333792,182210.6477291012,-680.5714617052145,0.0299509974043046,0.0847748118722421,0.054763450100088804
inflate_only,2.0,3.0,Bitstamp,16400,0.13390243902439025,0.0,7.312605406861636e-06,5.6064126016677844e-05,2.6588038287664282e-05,172577.6297308083,178964.84818938118,773.5306291593297,0.01577218857030295,0.045869636509307546,0.0300974479390046
inflate_only,2.0,3.0,Coinbase,16984,0.38324305228450306,0.0,7.927468445691587e-05,0.00021675725282558866,0.00011436061194673875,169140.71941106714,387866.51880411187,191644.17898057963,0.25727676386615383,0.5096091198356135,0.23399717006164894
inflate_only,2.0,3.0,KuCoin,16718,0.36661083861705945,0.0,7.363129086490355e-05,0.0002021869119172851,0.00011132281553076965,169648.86266253918,241397.21427142288,-2363.6543907177347,0.10724798251259454,0.26491973350579695,0.15711383930388276
inflate_only,2.0,3.0,OKX,16848,0.33499525166191835,0.0,6.839933475328817e-05,0.00017972658742394082,0.00010314756748096382,170572.62809701342,222826.16800339526,-5180.337981891993,0.09706394919471681,0.24385314836650085,0.1447271537549441
reallocate_total_fixed,-0.5,0.5,BitMEX,16525,0.3895310136157337,0.0,0.000102079672603,0.0002449618820406183,0.00016255890607080772,174685.51432590943,171821.45400510012,-10677.260246191872,0.2896456259444776,0.1448228129722388,-0.1448228129722388
reallocate_total_fixed,-0.5,0.5,Bitfinex,16525,0.07370650529500757,0.0,5.7274488385580345e-06,3.618112706991159e-05,2.575404835427595e-05,173068.20061333792,179867.7834041724,802.5624449166935,0.0299509974043046,0.0149754987021523,-0.0149754987021523
reallocate_total_fixed,-0.5,0.5,Bitstamp,16400,0.04439024390243902,0.0,1.9639827567265653e-06,1.816247390269872e-05,9.29940984873744e-06,172577.6297308083,176665.44658812205,-4.667207309859805,0.01577218857030295,0.00788609428515145,-0.0078860942851515
reallocate_total_fixed,-0.5,0.5,Coinbase,16984,0.3432642487046632,0.0,4.5080448011981594e-05,0.0001833986653299735,7.79276833268594e-05,169140.71941106714,164848.70393562637,-2854.4232467734546,0.25727676386615383,0.12863838193307692,-0.12863838193307692
reallocate_total_fixed,-0.5,0.5,KuCoin,16718,0.14894126091637755,0.0,2.5779734148693032e-05,6.946607118466953e-05,5.1588347349080754e-05,169648.86266253918,190589.94703328214,21073.723802587832,0.10724798251259454,0.05362399125629725,-0.0536239912562973
reallocate_total_fixed,-0.5,0.5,OKX,16848,0.17177113010446343,0.0,2.4403687967196296e-05,7.569233582164852e-05,4.805442869782857e-05,170572.62809701342,182424.87672092445,10592.430605769843,0.09706394919471681,0.048531974597358404,-0.048531974597358404
reallocate_total_fixed,0.5,1.5,BitMEX,16525,0.2777609682299546,0.0,9.823289600441818e-05,0.00018191018548483577,0.00015059153957143234,174685.51432590943,232797.28219277656,21282.28520375768,0.2896456259444776,0.4344684389167164,0.1421493085954627
reallocate_total_fixed,0.5,1.5,Bitfinex,16525,0.07600605143721634,0.0,5.722532805532921e-06,3.7797165935608465e-05,2.5154333581860844e-05,173068.20061333792,170929.7565502206,-533.8704938095907,0.0299509974043046,0.044926496106457,0.014975498702152399
reallocate_total_fixed,0.5,1.5,Bitstamp,16400,0.04884146341463415,0.0,1.9639827568143594e-06,1.792432227222269e-05,9.293197746700629e-06,172577.6297308083,171886.4079981311,12.7808398808138,0.01577218857030295,0.023658282855454398,0.007886094285151449
reallocate_total_fixed,0.5,1.5,Coinbase,16984,0.23734102684879888,0.0,4.396117389901575e-05,0.00011907736220708359,7.404423968313145e-05,169140.71941106714,221876.56270135363,30060.40683293667,0.25727676386615383,0.38591514579923075,0.1274254750884804
reallocate_total_fixed,0.5,1.5,KuCoin,16718,0.1737648044024405,0.0,2.5779734148591974e-05,8.817349768580824e-05,5.1196836483901916e-05,169648.86266253918,177190.60240827582,-13103.475382304343,0.10724798251259454,0.1608719737688919,0.05362399125629736
reallocate_total_fixed,0.5,1.5,OKX,16848,0.16209639126305794,0.0,2.4347202664336734e-05,7.278112290935758e-05,4.69921104793219e-05,170572.62809701342,180796.87436560375,-6066.831168119883,0.09706394919471681,0.1455959237920753,0.048528635437799054
reallocate_total_fixed,1.0,2.0,BitMEX,16525,0.39249621785173977,0.0,0.0001777043875425,0.00029179244334181267,0.00026023342878676885,174685.51432590943,297969.76449481846,51019.93598300347,0.2896456259444776,0.5792912518889552,0.2589605854667828
reallocate_total_fixed,1.0,2.0,Bitfinex,16525,0.1362783661119516,0.0,1.1442291041346158e-05,6.827791495264263e-05,4.822863075696248e-05,173068.20061333792,171266.57700705726,-731.6471081217751,0.0299509974043046,0.0599019948086093,0.029950997404304697
reallocate_total_fixed,1.0,2.0,Bitstamp,16400,0.09164634146341463,0.0,3.927965513716514e-06,3.6213521579013195e-05,1.8448867451700884e-05,172577.6297308083,171592.36378293752,28.495586299082788,0.01577218857030295,0.0315443771406059,0.01577218857030295
reallocate_total_fixed,1.0,2.0,Coinbase,16984,0.34785680640602923,0.0,8.336966179703084e-05,0.0001923026306547096,0.00013458894914189168,169140.71941106714,278728.80652420863,69157.90101319957,0.25727676386615383,0.5145535277323077,0.2460829827384795
reallocate_total_fixed,1.0,2.0,KuCoin,16718,0.3000358894604618,0.0,5.146780765488046e-05,0.00016470123572387096,0.00010023056918546746,169648.86266253918,194562.67249236623,-8228.606541813206,0.10724798251259454,0.21449596502518914,0.10722684003542904
reallocate_total_fixed,1.0,2.0,OKX,16848,0.27012108262108264,0.0,4.830313617516262e-05,0.00013759412517772943,9.071720817133896e-05,170572.62809701342,194390.21598758007,-6641.42656011544,0.09706394919471681,0.1941278983894337,0.09692214994022776
reallocate_total_fixed,2.0,3.0,BitMEX,16525,0.49760968229954616,0.0,0.0002772529493779,0.0004081965274454948,0.00038929273450616456,174685.51432590943,405999.449411896,134131.74476760253,0.2896456259444776,0.8689368778334328,0.40268967465477945
reallocate_total_fixed,2.0,3.0,Bitfinex,16525,0.2297125567322239,0.0,2.2880068192366224e-05,0.00013085837604793883,8.939466434149695e-05,173068.20061333792,176314.4088334114,-639.8867899999022,0.0299509974043046,0.089852992212914,0.059892648694823
reallocate_total_fixed,2.0,3.0,Bitstamp,16400,0.16140243902439025,0.0,7.850396735381175e-06,7.00997976949355e-05,3.594425443686458e-05,172577.6297308083,171878.12919934804,74.91289900236006,0.01577218857030295,0.04731656571090885,0.0315443771406059
reallocate_total_fixed,2.0,3.0,Coinbase,16984,0.45142487046632124,0.0,0.00014152243790295,0.00027435439952766023,0.00021836315033493556,169140.71941106714,374179.03304055426,145685.6365132373,0.25727676386615383,0.7718302915984616,0.42936808386118475
reallocate_total_fixed,2.0,3.0,KuCoin,16718,0.4671013279100371,0.0,0.0001017493365752,0.0002831838996490325,0.00018586618307640159,169648.86266253918,238730.07584380542,7910.181654523651,0.10724798251259454,0.32174394753778385,0.21382509567115743
reallocate_total_fixed,2.0,3.0,OKX,16848,0.41417378917378916,0.0,9.390040209398837e-05,0.00024424211159187293,0.0001674231847382671,170572.62809701342,234926.59571049505,0.0,0.09706394919471681,0.2911918475841506,0.19230635781865657
