shock_type,gamma,bin_id,x_left,x_right,max_share_mid,n,k,pivot_rate,ci_lo,ci_hi
inflate_only,-0.5,0,0.20255891124204944,0.3290009718847427,0.26577994156339607,3299,628,0.1903607153682934,0.17732706602932236,0.20411465978641158
inflate_only,-0.5,1,0.3290009718847427,0.35344498638485744,0.34122297913480004,3324,506,0.15222623345367028,0.14041548663772674,0.16483990772960133
inflate_only,-0.5,2,0.35344498638485744,0.37163132276118577,0.36253815457302163,3279,482,0.14699603537663922,0.1352888656074656,0.15952937965907427
inflate_only,-0.5,3,0.37163132276118577,0.3871747084057476,0.3794030155834667,3365,538,0.15988112927191678,0.14788677535214353,0.17265118048407027
inflate_only,-0.5,4,0.3871747084057476,0.40127776318866143,0.3942262357972045,3349,568,0.1696028665273216,0.15727270664853976,0.18269014754654062
inflate_only,-0.5,5,0.40127776318866143,0.4145383429083215,0.4079080530484914,3290,651,0.19787234042553192,0.1846145079838394,0.2118349144777629
inflate_only,-0.5,6,0.4145383429083215,0.427264375650558,0.4209013592794397,3339,688,0.20604971548367776,0.19267199348890954,0.22010305394378968
inflate_only,-0.5,7,0.427264375650558,0.43961365849498674,0.4334390170727724,3459,824,0.2382191384793293,0.22431786409004625,0.2527012406821732
inflate_only,-0.5,8,0.43961365849498674,0.4517624973795404,0.44568807793726356,3282,838,0.25533211456429006,0.2407057936546828,0.2705305361793543
inflate_only,-0.5,9,0.4517624973795404,0.46377634036325416,0.45776941887139727,3230,858,0.2656346749226006,0.2506877186275677,0.2811384536871184
inflate_only,-0.5,10,0.46377634036325416,0.47594261790777187,0.469859479135513,3436,975,0.2837601862630966,0.268933960044154,0.29906940383167097
inflate_only,-0.5,11,0.47594261790777187,0.4882578866746426,0.48210025229120723,3359,1011,0.30098243524858587,0.2857050573611574,0.3167145154191959
inflate_only,-0.5,12,0.4882578866746426,0.5007599055610387,0.49450889611784066,3322,973,0.29289584587597833,0.2776663058985909,0.30860382795264235
inflate_only,-0.5,13,0.5007599055610387,0.5137094566018006,0.5072346810814197,3441,460,0.13368206916594014,0.12271883356161516,0.14546232170543688
inflate_only,-0.5,14,0.5137094566018006,0.5272568515613503,0.5204831540815754,3373,452,0.13400533649570115,0.12292417898155981,0.14591922782792743
inflate_only,-0.5,15,0.5272568515613503,0.5412493329962655,0.5342530922788079,3261,439,0.13462128181539404,0.1233352554232416,0.14676715934628348
inflate_only,-0.5,16,0.5412493329962655,0.5558206710001025,0.5485350019981841,3260,399,0.12239263803680982,0.11158434748136306,0.1340898298439091
inflate_only,-0.5,17,0.5558206710001025,0.57118039178126,0.5635005313906812,3374,411,0.12181387077652638,0.11120553154896802,0.13328242786274624
inflate_only,-0.5,18,0.57118039178126,0.5871831312341517,0.5791817615077058,3302,380,0.11508176862507571,0.1046413544219712,0.12641678218082308
inflate_only,-0.5,19,0.5871831312341517,0.6039742205598659,0.5955786758970087,3355,403,0.12011922503725782,0.10955052243325583,0.13155688793107928
inflate_only,-0.5,20,0.6039742205598659,0.6216706967805652,0.6128224586702156,3291,356,0.10817380735338802,0.09801510429576687,0.1192462050187689
inflate_only,-0.5,21,0.6216706967805652,0.6406739713072417,0.6311723340439035,3347,331,0.09889453241708993,0.08923621100974406,0.10947255517007178
inflate_only,-0.5,22,0.6406739713072417,0.661136553868961,0.6509052625881013,3308,250,0.07557436517533253,0.06705111477919398,0.08508224812077081
inflate_only,-0.5,23,0.661136553868961,0.6831898722599052,0.672163213064433,3274,44,0.013439218081857055,0.010026481276700121,0.01799244434801585
inflate_only,-0.5,24,0.6831898722599052,0.7074808006694133,0.6953353364646593,3372,0,0.0,0.0,0.001137968084758479
inflate_only,-0.5,25,0.7074808006694133,0.7350029392568705,0.721241869963142,3351,0,0.0,0.0,0.0011450913211520923
inflate_only,-0.5,26,0.7350029392568705,0.7667089364459112,0.7508559378513908,3390,0,0.0,0.0,0.001131932615829802
inflate_only,-0.5,27,0.7667089364459112,0.8055128075647395,0.7861108720053254,3346,0,0.0,1.0842021724855044e-19,0.0011468004934919907
inflate_only,-0.5,28,0.8055128075647395,0.8586086497132359,0.8320607286389877,3279,0,0.0,0.0,0.001170205714463957
inflate_only,-0.5,29,0.8586086497132359,0.999599335885112,0.929103992799174,3343,0,0.0,1.0842021724855044e-19,0.0011478284481703585
inflate_only,0.5,0,0.20255891124204944,0.3290009718847427,0.26577994156339607,3299,599,0.1815701727796302,0.16878837381337594,0.1950927157308517
inflate_only,0.5,1,0.3290009718847427,0.35344498638485744,0.34122297913480004,3324,468,0.1407942238267148,0.12938437960316462,0.15303338931949084
inflate_only,0.5,2,0.35344498638485744,0.37163132276118577,0.36253815457302163,3279,401,0.12229338212869777,0.11151920246149553,0.13395155068114772
inflate_only,0.5,3,0.37163132276118577,0.3871747084057476,0.3794030155834667,3365,461,0.13699851411589897,0.12579381699075062,0.14903109611884766
inflate_only,0.5,4,0.3871747084057476,0.40127776318866143,0.3942262357972045,3349,519,0.15497163332338013,0.1431112795620983,0.1676226364093571
inflate_only,0.5,5,0.40127776318866143,0.4145383429083215,0.4079080530484914,3290,622,0.1890577507598784,0.17604346822613937,0.20279733577609316
inflate_only,0.5,6,0.4145383429083215,0.427264375650558,0.4209013592794397,3339,653,0.1955675351901767,0.18246689330342608,0.2093678858258034
inflate_only,0.5,7,0.427264375650558,0.43961365849498674,0.4334390170727724,3459,726,0.209887250650477,0.1966416040742094,0.22377658658169586
inflate_only,0.5,8,0.43961365849498674,0.4517624973795404,0.44568807793726356,3282,656,0.19987812309567338,0.18655057204957326,0.21390744150774493
inflate_only,0.5,9,0.4517624973795404,0.46377634036325416,0.45776941887139727,3230,640,0.19814241486068113,0.1847579904131787,0.212244014879845
inflate_only,0.5,10,0.46377634036325416,0.47594261790777187,0.469859479135513,3436,698,0.2031431897555297,0.1900250952611153,0.21692434101525285
inflate_only,0.5,11,0.47594261790777187,0.4882578866746426,0.48210025229120723,3359,684,0.2036320333432569,0.19035561080534247,0.2175855779797612
inflate_only,0.5,12,0.4882578866746426,0.5007599055610387,0.49450889611784066,3322,726,0.2185430463576159,0.2048192405357119,0.23291706055571712
inflate_only,0.5,13,0.5007599055610387,0.5137094566018006,0.5072346810814197,3441,854,0.24818366753850624,0.2340368167171308,0.2628921567369752
inflate_only,0.5,14,0.5137094566018006,0.5272568515613503,0.5204831540815754,3373,637,0.18885265342425142,0.17600071793002245,0.20241253071036389
inflate_only,0.5,15,0.5272568515613503,0.5412493329962655,0.5342530922788079,3261,393,0.12051517939282429,0.1097851742264255,0.13213823179731543
inflate_only,0.5,16,0.5412493329962655,0.5558206710001025,0.5485350019981841,3260,269,0.08251533742331288,0.07355424141303903,0.09245920727883376
inflate_only,0.5,17,0.5558206710001025,0.57118039178126,0.5635005313906812,3374,131,0.03882631890930646,0.03281493967059611,0.04588667854619653
inflate_only,0.5,18,0.57118039178126,0.5871831312341517,0.5791817615077058,3302,42,0.012719563900666263,0.009424004272835483,0.017147625777436743
inflate_only,0.5,19,0.5871831312341517,0.6039742205598659,0.5955786758970087,3355,6,0.0017883755588673621,0.0008198670780655581,0.003896520857584637
inflate_only,0.5,20,0.6039742205598659,0.6216706967805652,0.6128224586702156,3291,0,0.0,0.0,0.001165943758874478
inflate_only,0.5,21,0.6216706967805652,0.6406739713072417,0.6311723340439035,3347,0,0.0,0.0,0.0011464582509659663
inflate_only,0.5,22,0.6406739713072417,0.661136553868961,0.6509052625881013,3308,0,0.0,0.0,0.0011599588579357177
inflate_only,0.5,23,0.661136553868961,0.6831898722599052,0.672163213064433,3274,0,0.0,0.0,0.0011719907392718427
inflate_only,0.5,24,0.6831898722599052,0.7074808006694133,0.6953353364646593,3372,0,0.0,0.0,0.001137968084758479
inflate_only,0.5,25,0.7074808006694133,0.7350029392568705,0.721241869963142,3351,0,0.0,0.0,0.0011450913211520923
inflate_only,0.5,26,0.7350029392568705,0.7667089364459112,0.7508559378513908,3390,0,0.0,0.0,0.001131932615829802
inflate_only,0.5,27,0.7667089364459112,0.8055128075647395,0.7861108720053254,3346,0,0.0,1.0842021724855044e-19,0.0011468004934919907
inflate_only,0.5,28,0.8055128075647395,0.8586086497132359,0.8320607286389877,3279,0,0.0,0.0,0.001170205714463957
inflate_only,0.5,29,0.8586086497132359,0.999599335885112,0.929103992799174,3343,0,0.0,1.0842021724855044e-19,0.0011478284481703585
inflate_only,1.0,0,0.20255891124204944,0.3290009718847427,0.26577994156339607,3299,1005,0.30463776902091544,0.2891666084145949,0.3205633889307213
inflate_only,1.0,1,0.3290009718847427,0.35344498638485744,0.34122297913480004,3324,975,0.2933212996389892,0.2780892130123255,0.3090305585537251
inflate_only,1.0,2,0.35344498638485744,0.37163132276118577,0.36253815457302163,3279,888,0.2708142726440988,0.25587861832655756,0.28628631585729103
inflate_only,1.0,3,0.37163132276118577,0.3871747084057476,0.3794030155834667,3365,891,0.2647845468053492,0.25015093501951435,0.27995460630365143
inflate_only,1.0,4,0.3871747084057476,0.40127776318866143,0.3942262357972045,3349,867,0.25888324873096447,0.24433022882917244,0.2739887994243544
inflate_only,1.0,5,0.40127776318866143,0.4145383429083215,0.4079080530484914,3290,863,0.2623100303951368,0.2475619517288108,0.2776125436081842
inflate_only,1.0,6,0.4145383429083215,0.427264375650558,0.4209013592794397,3339,876,0.26235399820305483,0.24771156683172094,0.2775426360596157
inflate_only,1.0,7,0.427264375650558,0.43961365849498674,0.4334390170727724,3459,965,0.278982364845331,0.2642872482359179,0.29416786562201885
inflate_only,1.0,8,0.43961365849498674,0.4517624973795404,0.44568807793726356,3282,856,0.26081657525898844,0.2460802990860606,0.2761121279621575
inflate_only,1.0,9,0.4517624973795404,0.46377634036325416,0.45776941887139727,3230,874,0.27058823529411763,0.25554613897260686,0.28617538505009116
inflate_only,1.0,10,0.46377634036325416,0.47594261790777187,0.469859479135513,3436,881,0.2564027939464494,0.24208022989370365,0.27126945458013957
inflate_only,1.0,11,0.47594261790777187,0.4882578866746426,0.48210025229120723,3359,892,0.26555522476927657,0.2508940797056206,0.2807520138838009
inflate_only,1.0,12,0.4882578866746426,0.5007599055610387,0.49450889611784066,3322,962,0.2895845875978326,0.2744105162223654,0.30524475058288475
inflate_only,1.0,13,0.5007599055610387,0.5137094566018006,0.5072346810814197,3441,1078,0.3132810229584423,0.29799868249923944,0.328979811954613
inflate_only,1.0,14,0.5137094566018006,0.5272568515613503,0.5204831540815754,3373,936,0.2774977764601245,0.2626462380333046,0.2928555657824266
inflate_only,1.0,15,0.5272568515613503,0.5412493329962655,0.5342530922788079,3261,698,0.21404477154247165,0.2003077989530767,0.22845468679814623
inflate_only,1.0,16,0.5412493329962655,0.5558206710001025,0.5485350019981841,3260,623,0.19110429447852761,0.17797418033681978,0.2049615601721559
inflate_only,1.0,17,0.5558206710001025,0.57118039178126,0.5635005313906812,3374,522,0.15471250740960285,0.14290333095761068,0.1673070708563761
inflate_only,1.0,18,0.57118039178126,0.5871831312341517,0.5791817615077058,3302,389,0.11780738946093276,0.10725292207572946,0.129250121506274
inflate_only,1.0,19,0.5871831312341517,0.6039742205598659,0.5955786758970087,3355,285,0.08494783904619971,0.07598171706221038,0.09486337429309499
inflate_only,1.0,20,0.6039742205598659,0.6216706967805652,0.6128224586702156,3291,175,0.05317532664843513,0.04601684519898949,0.061375752976291525
inflate_only,1.0,21,0.6216706967805652,0.6406739713072417,0.6311723340439035,3347,76,0.02270690170301763,0.018180557027060635,0.028327639600317995
inflate_only,1.0,22,0.6406739713072417,0.661136553868961,0.6509052625881013,3308,17,0.005139056831922612,0.003211084531211919,0.008215065801581775
inflate_only,1.0,23,0.661136553868961,0.6831898722599052,0.672163213064433,3274,0,0.0,0.0,0.0011719907392718427
inflate_only,1.0,24,0.6831898722599052,0.7074808006694133,0.6953353364646593,3372,0,0.0,0.0,0.001137968084758479
inflate_only,1.0,25,0.7074808006694133,0.7350029392568705,0.721241869963142,3351,0,0.0,0.0,0.0011450913211520923
inflate_only,1.0,26,0.7350029392568705,0.7667089364459112,0.7508559378513908,3390,0,0.0,0.0,0.001131932615829802
inflate_only,1.0,27,0.7667089364459112,0.8055128075647395,0.7861108720053254,3346,0,0.0,1.0842021724855044e-19,0.0011468004934919907
inflate_only,1.0,28,0.8055128075647395,0.8586086497132359,0.8320607286389877,3279,0,0.0,0.0,0.001170205714463957
inflate_only,1.0,29,0.8586086497132359,0.999599335885112,0.929103992799174,3343,0,0.0,1.0842021724855044e-19,0.0011478284481703585
inflate_only,2.0,0,0.20255891124204944,0.3290009718847427,0.26577994156339607,3299,1621,0.49136101849045166,0.47432133909276725,0.5084207942266146
inflate_only,2.0,1,0.3290009718847427,0.35344498638485744,0.34122297913480004,3324,1422,0.427797833935018,0.4110709345989564,0.4446914310136376
inflate_only,2.0,2,0.35344498638485744,0.37163132276118577,0.36253815457302163,3279,1269,0.3870082342177493,0.3704782631185826,0.40380265253692765
inflate_only,2.0,3,0.37163132276118577,0.3871747084057476,0.3794030155834667,3365,1234,0.3667161961367013,0.3505940101063527,0.3831423579081006
inflate_only,2.0,4,0.3871747084057476,0.40127776318866143,0.3942262357972045,3349,1199,0.3580173186025679,0.3419512495402205,0.3744087479019491
inflate_only,2.0,5,0.40127776318866143,0.4145383429083215,0.4079080530484914,3290,1152,0.35015197568389056,0.3340351370891165,0.36661834910159774
inflate_only,2.0,6,0.4145383429083215,0.427264375650558,0.4209013592794397,3339,1173,0.35130278526504943,0.3352897307551042,0.3676576060256755
inflate_only,2.0,7,0.427264375650558,0.43961365849498674,0.4334390170727724,3459,1237,0.3576178086152067,0.34181082279870895,0.37374070574940593
inflate_only,2.0,8,0.43961365849498674,0.4517624973795404,0.44568807793726356,3282,1137,0.34643510054844606,0.33034362931054523,0.3628856486923872
inflate_only,2.0,9,0.4517624973795404,0.46377634036325416,0.45776941887139727,3230,1134,0.3510835913312694,0.3348083904374714,0.36771259884042035
inflate_only,2.0,10,0.46377634036325416,0.47594261790777187,0.469859479135513,3436,1124,0.32712456344586727,0.31163771553302416,0.3429975444161549
inflate_only,2.0,11,0.47594261790777187,0.4882578866746426,0.48210025229120723,3359,1155,0.343852337005061,0.32797548780167063,0.36008594215090284
inflate_only,2.0,12,0.4882578866746426,0.5007599055610387,0.49450889611784066,3322,1205,0.36273329319686937,0.3465507929101978,0.37923290045631736
inflate_only,2.0,13,0.5007599055610387,0.5137094566018006,0.5072346810814197,3441,1305,0.3792502179598954,0.36318141930308556,0.3955883308067599
inflate_only,2.0,14,0.5137094566018006,0.5272568515613503,0.5204831540815754,3373,1200,0.3557663800770827,0.3397821467391454,0.3720787827163553
inflate_only,2.0,15,0.5272568515613503,0.5412493329962655,0.5342530922788079,3261,1018,0.3121741796994787,0.2964985691407041,0.3282918035377132
inflate_only,2.0,16,0.5412493329962655,0.5558206710001025,0.5485350019981841,3260,947,0.29049079754601226,0.27516013016045826,0.3063146570963743
inflate_only,2.0,17,0.5558206710001025,0.57118039178126,0.5635005313906812,3374,913,0.2705986959098992,0.25587488125949326,0.28584430415168766
inflate_only,2.0,18,0.57118039178126,0.5871831312341517,0.5791817615077058,3302,818,0.24772864930345245,0.23330286308669196,0.2627407465042818
inflate_only,2.0,19,0.5871831312341517,0.6039742205598659,0.5955786758970087,3355,712,0.21222056631892697,0.1987178548667401,0.2263815603602239
inflate_only,2.0,20,0.6039742205598659,0.6216706967805652,0.6128224586702156,3291,604,0.1835308416894561,0.17067675461280987,0.19712289924611923
inflate_only,2.0,21,0.6216706967805652,0.6406739713072417,0.6311723340439035,3347,489,0.14610098595757395,0.13454044816172017,0.15847298464274306
inflate_only,2.0,22,0.6406739713072417,0.661136553868961,0.6509052625881013,3308,343,0.10368802902055622,0.09375474567981655,0.11454072352378304
inflate_only,2.0,23,0.661136553868961,0.6831898722599052,0.672163213064433,3274,240,0.07330482590103848,0.06486819490201097,0.08274162248513793
inflate_only,2.0,24,0.6831898722599052,0.7074808006694133,0.6953353364646593,3372,138,0.04092526690391459,0.034744053026369244,0.048151305571024657
inflate_only,2.0,25,0.7074808006694133,0.7350029392568705,0.721241869963142,3351,46,0.013727245598328858,0.010307487354729491,0.018260657263484373
inflate_only,2.0,26,0.7350029392568705,0.7667089364459112,0.7508559378513908,3390,0,0.0,0.0,0.001131932615829802
inflate_only,2.0,27,0.7667089364459112,0.8055128075647395,0.7861108720053254,3346,0,0.0,1.0842021724855044e-19,0.0011468004934919907
inflate_only,2.0,28,0.8055128075647395,0.8586086497132359,0.8320607286389877,3279,0,0.0,0.0,0.001170205714463957
inflate_only,2.0,29,0.8586086497132359,0.999599335885112,0.929103992799174,3343,0,0.0,1.0842021724855044e-19,0.0011478284481703585
overall,-0.5,0,0.20255891124204944,0.3290009718847427,0.26577994156339607,6598,1354,0.205213701121552,0.19564164238059148,0.21512883111880296
overall,-0.5,1,0.3290009718847427,0.35344498638485744,0.34122297913480004,6648,1090,0.16395908543922985,0.15525356889998806,0.17305274554983288
overall,-0.5,2,0.35344498638485744,0.37163132276118577,0.36253815457302163,6558,1055,0.16087221713937175,0.15217862279911948,0.1699628930826415
overall,-0.5,3,0.37163132276118577,0.3871747084057476,0.3794030155834667,6730,1180,0.17533432392273401,0.16643532921084236,0.1846037567100382
overall,-0.5,4,0.3871747084057476,0.40127776318866143,0.3942262357972045,6698,1272,0.18990743505524038,0.18069281727508624,0.19947755261249817
overall,-0.5,5,0.40127776318866143,0.4145383429083215,0.4079080530484914,6580,1430,0.21732522796352582,0.20752644281151145,0.22745388842853537
overall,-0.5,6,0.4145383429083215,0.427264375650558,0.4209013592794397,6678,1484,0.2222222222222222,0.21241215354139903,0.2323516971910098
overall,-0.5,7,0.427264375650558,0.43961365849498674,0.4334390170727724,6918,1779,0.25715524718126626,0.2469925876019225,0.2675874628863753
overall,-0.5,8,0.43961365849498674,0.4517624973795404,0.44568807793726356,6564,1779,0.2710237659963437,0.2604069453959006,0.28190844783769997
overall,-0.5,9,0.4517624973795404,0.46377634036325416,0.45776941887139727,6460,1820,0.28173374613003094,0.2708960770065865,0.29283085590587826
overall,-0.5,10,0.46377634036325416,0.47594261790777187,0.469859479135513,6872,2024,0.29452852153667053,0.28386822321835303,0.3054184177071737
overall,-0.5,11,0.47594261790777187,0.4882578866746426,0.48210025229120723,6718,2095,0.311848764513248,0.30088122772807996,0.323031361940799
overall,-0.5,12,0.4882578866746426,0.5007599055610387,0.49450889611784066,6644,2003,0.30147501505117397,0.2905576962613468,0.31262177781035777
overall,-0.5,13,0.5007599055610387,0.5137094566018006,0.5072346810814197,6882,962,0.13978494623655913,0.13179292828934155,0.1481788909868962
overall,-0.5,14,0.5137094566018006,0.5272568515613503,0.5204831540815754,6746,952,0.1411206640972428,0.13301681195925547,0.1496330208901554
overall,-0.5,15,0.5272568515613503,0.5412493329962655,0.5342530922788079,6522,931,0.1427476234283962,0.13446788615871497,0.15144797180510688
overall,-0.5,16,0.5412493329962655,0.5558206710001025,0.5485350019981841,6520,857,0.13144171779141103,0.1234566927610923,0.1398607979640044
overall,-0.5,17,0.5558206710001025,0.57118039178126,0.5635005313906812,6748,894,0.13248369887374037,0.12460351978420828,0.14078208997298744
overall,-0.5,18,0.57118039178126,0.5871831312341517,0.5791817615077058,6604,837,0.12674136886735313,0.11893391129573831,0.1349828290813313
overall,-0.5,19,0.5871831312341517,0.6039742205598659,0.5955786758970087,6710,908,0.1353204172876304,0.12734404063428562,0.1437141267195584
overall,-0.5,20,0.6039742205598659,0.6216706967805652,0.6128224586702156,6582,836,0.12701306593740505,0.11918542399365213,0.1352758433408067
overall,-0.5,21,0.6216706967805652,0.6406739713072417,0.6311723340439035,6694,777,0.11607409620555721,0.10861992392732722,0.12396867595834338
overall,-0.5,22,0.6406739713072417,0.661136553868961,0.6509052625881013,6616,688,0.10399032648125756,0.0968631994815274,0.1115770749806289
overall,-0.5,23,0.661136553868961,0.6831898722599052,0.672163213064433,6548,492,0.07513744654856444,0.0689984606417482,0.08177465939216716
overall,-0.5,24,0.6831898722599052,0.7074808006694133,0.6953353364646593,6744,455,0.06746737841043891,0.061723718706992906,0.07370352665098943
overall,-0.5,25,0.7074808006694133,0.7350029392568705,0.721241869963142,6702,462,0.06893464637421665,0.06311285789680703,0.07525032682261727
overall,-0.5,26,0.7350029392568705,0.7667089364459112,0.7508559378513908,6780,478,0.0705014749262537,0.06464809636964486,0.07684129217975763
overall,-0.5,27,0.7667089364459112,0.8055128075647395,0.7861108720053254,6692,425,0.06350866706515242,0.05791226318333702,0.06960592661374539
overall,-0.5,28,0.8055128075647395,0.8586086497132359,0.8320607286389877,6558,415,0.06328148825861543,0.057640657143963395,0.06943366906348424
overall,-0.5,29,0.8586086497132359,0.999599335885112,0.929103992799174,6686,408,0.06102303320370924,0.0555334001007638,0.06701682590159776
overall,0.5,0,0.20255891124204944,0.3290009718847427,0.26577994156339607,6598,1422,0.21551985450136404,0.20576523436059405,0.22560555163342308
overall,0.5,1,0.3290009718847427,0.35344498638485744,0.34122297913480004,6648,1315,0.19780385078219012,0.18840390199000587,0.20755285079857524
overall,0.5,2,0.35344498638485744,0.37163132276118577,0.36253815457302163,6558,1175,0.17917047880451356,0.1700773690428875,0.1886392449028072
overall,0.5,3,0.37163132276118577,0.3871747084057476,0.3794030155834667,6730,1260,0.18722139673105498,0.1780808597897193,0.1967188087976737
overall,0.5,4,0.3871747084057476,0.40127776318866143,0.3942262357972045,6698,1305,0.19483427888922067,0.18552484107153577,0.20449356819674658
overall,0.5,5,0.40127776318866143,0.4145383429083215,0.4079080530484914,6580,1390,0.21124620060790272,0.20155314023782595,0.22127623038372723
overall,0.5,6,0.4145383429083215,0.427264375650558,0.4209013592794397,6678,1440,0.215633423180593,0.2059344547172884,0.2256593741457005
overall,0.5,7,0.427264375650558,0.43961365849498674,0.4334390170727724,6918,1582,0.2286788089043076,0.21893415595854315,0.2387246266405848
overall,0.5,8,0.43961365849498674,0.4517624973795404,0.44568807793726356,6564,1417,0.21587446678854358,0.20608892131586193,0.22599238831864576
overall,0.5,9,0.4517624973795404,0.46377634036325416,0.45776941887139727,6460,1409,0.21811145510835914,0.2082100764523869,0.22834789860690288
overall,0.5,10,0.46377634036325416,0.47594261790777187,0.469859479135513,6872,1493,0.21725844004656578,0.20766768842740096,0.22716513261955273
overall,0.5,11,0.47594261790777187,0.4882578866746426,0.48210025229120723,6718,1484,0.22089907710628162,0.21113972271117434,0.23097744946378443
overall,0.5,12,0.4882578866746426,0.5007599055610387,0.49450889611784066,6644,1575,0.23705599036724864,0.2269835930531147,0.24743228352252447
overall,0.5,13,0.5007599055610387,0.5137094566018006,0.5072346810814197,6882,1795,0.26082534147050274,0.2505867905148638,0.27133076274398543
overall,0.5,14,0.5137094566018006,0.5272568515613503,0.5204831540815754,6746,1409,0.20886451230358732,0.19933113151413653,0.2187292863777441
overall,0.5,15,0.5272568515613503,0.5412493329962655,0.5342530922788079,6522,916,0.14044771542471635,0.13222664591478606,0.14909210383850247
overall,0.5,16,0.5412493329962655,0.5558206710001025,0.5485350019981841,6520,713,0.10935582822085889,0.10200920286517667,0.11716251951385837
overall,0.5,17,0.5558206710001025,0.57118039178126,0.5635005313906812,6748,452,0.06698280972139893,0.06126100511836107,0.07319736250685098
overall,0.5,18,0.57118039178126,0.5871831312341517,0.5791817615077058,6604,272,0.04118715929739552,0.036654951649966495,0.04625284686626912
overall,0.5,19,0.5871831312341517,0.6039742205598659,0.5955786758970087,6710,186,0.027719821162444112,0.024053763619251003,0.03192634767798305
overall,0.5,20,0.6039742205598659,0.6216706967805652,0.6128224586702156,6582,101,0.01534487997569128,0.012645400647952264,0.018609769534094028
overall,0.5,21,0.6216706967805652,0.6406739713072417,0.6311723340439035,6694,41,0.006124887959366597,0.004518259512246444,0.008298048356246592
overall,0.5,22,0.6406739713072417,0.661136553868961,0.6509052625881013,6616,8,0.0012091898428053204,0.0006128421724466723,0.0023844500890479224
overall,0.5,23,0.661136553868961,0.6831898722599052,0.672163213064433,6548,0,0.0,0.0,0.0005863389615524282
overall,0.5,24,0.6831898722599052,0.7074808006694133,0.6953353364646593,6744,0,0.0,0.0,0.0005693079695291009
overall,0.5,25,0.7074808006694133,0.7350029392568705,0.721241869963142,6702,0,0.0,0.0,0.000572873656902364
overall,0.5,26,0.7350029392568705,0.7667089364459112,0.7508559378513908,6780,0,0.0,0.0,0.0005662868071683749
overall,0.5,27,0.7667089364459112,0.8055128075647395,0.7861108720053254,6692,0,0.0,5.421010862427522e-20,0.0005737292232241575
overall,0.5,28,0.8055128075647395,0.8586086497132359,0.8320607286389877,6558,0,0.0,0.0,0.0005854454030100329
overall,0.5,29,0.8586086497132359,0.999599335885112,0.929103992799174,6686,0,0.0,5.421010862427522e-20,0.0005742437907647919
overall,1.0,0,0.20255891124204944,0.3290009718847427,0.26577994156339607,6598,2468,0.374052743255532,0.36245343789901324,0.38579862558581796
overall,1.0,1,0.3290009718847427,0.35344498638485744,0.34122297913480004,6648,2251,0.33859807460890495,0.32731829757388337,0.35006427870394025
overall,1.0,2,0.35344498638485744,0.37163132276118577,0.36253815457302163,6558,2039,0.3109179627935346,0.2998285372026007,0.32222878280341705
overall,1.0,3,0.37163132276118577,0.3871747084057476,0.3794030155834667,6730,2009,0.2985141158989599,0.2876985489612717,0.3095595748413435
overall,1.0,4,0.3871747084057476,0.40127776318866143,0.3942262357972045,6698,1955,0.2918781725888325,0.28111218447134567,0.30288275805310916
overall,1.0,5,0.40127776318866143,0.4145383429083215,0.4079080530484914,6580,1898,0.2884498480243161,0.2776291380529867,0.2995174324234354
overall,1.0,6,0.4145383429083215,0.427264375650558,0.4209013592794397,6678,1929,0.288858939802336,0.2781121755100774,0.2998484873107832
overall,1.0,7,0.427264375650558,0.43961365849498674,0.4334390170727724,6918,2094,0.3026886383347788,0.29197436687168077,0.3136219241500612
overall,1.0,8,0.43961365849498674,0.4517624973795404,0.44568807793726356,6564,1893,0.2883912248628885,0.2775581874428106,0.2994718067032115
overall,1.0,9,0.4517624973795404,0.46377634036325416,0.45776941887139727,6460,1909,0.2955108359133127,0.28450838043822,0.30675635599962825
overall,1.0,10,0.46377634036325416,0.47594261790777187,0.469859479135513,6872,1911,0.2780849825378347,0.2676175360725048,0.28880040118771355
overall,1.0,11,0.47594261790777187,0.4882578866746426,0.48210025229120723,6718,1937,0.28832986007740397,0.277620962453314,0.2992807009241747
overall,1.0,12,0.4882578866746426,0.5007599055610387,0.49450889611784066,6644,2056,0.3094521372667068,0.29844926532433474,0.320675233670948
overall,1.0,13,0.5007599055610387,0.5137094566018006,0.5072346810814197,6882,2262,0.32868352223190933,0.3176836144247616,0.33987458441617596
overall,1.0,14,0.5137094566018006,0.5272568515613503,0.5204831540815754,6746,1997,0.2960272754224726,0.2852521141599289,0.3070346144649325
overall,1.0,15,0.5272568515613503,0.5412493329962655,0.5342530922788079,6522,1538,0.23581723397730758,0.22567188669829955,0.24627361685177132
overall,1.0,16,0.5412493329962655,0.5558206710001025,0.5485350019981841,6520,1415,0.2170245398773006,0.2071867239533537,0.22719561911273178
overall,1.0,17,0.5558206710001025,0.57118039178126,0.5635005313906812,6748,1256,0.18612922347362182,0.1770221998890875,0.19559341360516272
overall,1.0,18,0.57118039178126,0.5871831312341517,0.5791817615077058,6604,1003,0.15187764990914598,0.14342395921165046,0.16073611629621287
overall,1.0,19,0.5871831312341517,0.6039742205598659,0.5955786758970087,6710,818,0.12190760059612518,0.11429466047973683,0.1299532228781309
overall,1.0,20,0.6039742205598659,0.6216706967805652,0.6128224586702156,6582,608,0.09237313886356731,0.08561365527304253,0.09960816967944346
overall,1.0,21,0.6216706967805652,0.6406739713072417,0.6311723340439035,6694,425,0.06348969226172692,0.05789491129720435,0.06958520110199003
overall,1.0,22,0.6406739713072417,0.661136553868961,0.6509052625881013,6616,246,0.0371825876662636,0.032885264701463274,0.04201707133026292
overall,1.0,23,0.661136553868961,0.6831898722599052,0.672163213064433,6548,154,0.023518631643249847,0.020117844978766414,0.027478177489176036
overall,1.0,24,0.6831898722599052,0.7074808006694133,0.6953353364646593,6744,84,0.012455516014234875,0.010072300261612393,0.015393857687323457
overall,1.0,25,0.7074808006694133,0.7350029392568705,0.721241869963142,6702,28,0.0041778573560131305,0.002892166465532445,0.006031635134553068
overall,1.0,26,0.7350029392568705,0.7667089364459112,0.7508559378513908,6780,0,0.0,0.0,0.0005662868071683749
overall,1.0,27,0.7667089364459112,0.8055128075647395,0.7861108720053254,6692,0,0.0,5.421010862427522e-20,0.0005737292232241575
overall,1.0,28,0.8055128075647395,0.8586086497132359,0.8320607286389877,6558,0,0.0,0.0,0.0005854454030100329
overall,1.0,29,0.8586086497132359,0.999599335885112,0.929103992799174,6686,0,0.0,5.421010862427522e-20,0.0005742437907647919
overall,2.0,0,0.20255891124204944,0.3290009718847427,0.26577994156339607,6598,3424,0.5189451348893604,0.5068814833420172,0.5309867381554512
overall,2.0,1,0.3290009718847427,0.35344498638485744,0.34122297913480004,6648,3046,0.4581829121540313,0.4462332680935067,0.47018085698126955
overall,2.0,2,0.35344498638485744,0.37163132276118577,0.36253815457302163,6558,2758,0.4205550472705093,0.4086571670084231,0.43254594889733106
overall,2.0,3,0.37163132276118577,0.3871747084057476,0.3794030155834667,6730,2683,0.3986627043090639,0.38702574317711114,0.4104152895908709
overall,2.0,4,0.3871747084057476,0.40127776318866143,0.3942262357972045,6698,2600,0.3881755747984473,0.3765717647625909,0.3999075838391427
overall,2.0,5,0.40127776318866143,0.4145383429083215,0.4079080530484914,6580,2521,0.3831306990881459,0.37145549355201307,0.3949422885574471
overall,2.0,6,0.4145383429083215,0.427264375650558,0.4209013592794397,6678,2530,0.37885594489368074,0.36729373916165026,0.3905574496483328
overall,2.0,7,0.427264375650558,0.43961365849498674,0.4334390170727724,6918,2676,0.3868169991326973,0.3754062186208789,0.3983534120531313
overall,2.0,8,0.43961365849498674,0.4517624973795404,0.44568807793726356,6564,2440,0.3717245581962218,0.36011161070830205,0.383487565008725
overall,2.0,9,0.4517624973795404,0.46377634036325416,0.45776941887139727,6460,2424,0.3752321981424149,0.36350236511767836,0.38711033554008517
overall,2.0,10,0.46377634036325416,0.47594261790777187,0.469859479135513,6872,2414,0.3512805587892899,0.34007971861883673,0.36264758097456856
overall,2.0,11,0.47594261790777187,0.4882578866746426,0.48210025229120723,6718,2449,0.36454301875558204,0.3531140399564604,0.3761268276057863
overall,2.0,12,0.4882578866746426,0.5007599055610387,0.49450889611784066,6644,2538,0.38199879590608066,0.3703868252896125,0.393747145652174
overall,2.0,13,0.5007599055610387,0.5137094566018006,0.5072346810814197,6882,2728,0.3963963963963964,0.3849004257511314,0.40800796761069086
overall,2.0,14,0.5137094566018006,0.5272568515613503,0.5204831540815754,6746,2515,0.3728135191224429,0.36134972654760705,0.3844220853420231
overall,2.0,15,0.5272568515613503,0.5412493329962655,0.5342530922788079,6522,2181,0.3344066237350506,0.3230570041712411,0.3459512046703587
overall,2.0,16,0.5412493329962655,0.5558206710001025,0.5485350019981841,6520,2037,0.31242331288343556,0.30128622709598113,0.32378130979823155
overall,2.0,17,0.5558206710001025,0.57118039178126,0.5635005313906812,6748,2019,0.29919976289270894,0.28839089878929286,0.3102371258965943
overall,2.0,18,0.57118039178126,0.5871831312341517,0.5791817615077058,6604,1831,0.27725620835857057,0.26659150790139563,0.2881799018733181
overall,2.0,19,0.5871831312341517,0.6039742205598659,0.5955786758970087,6710,1653,0.24634873323397913,0.23618588083065717,0.2568018596009908
overall,2.0,20,0.6039742205598659,0.6216706967805652,0.6128224586702156,6582,1450,0.22029778182923124,0.21044993317000524,0.23047193777204725
overall,2.0,21,0.6216706967805652,0.6406739713072417,0.6311723340439035,6694,1269,0.18957275171795637,0.18036196453955589,0.19913963490107578
overall,2.0,22,0.6406739713072417,0.661136553868961,0.6509052625881013,6616,1021,0.15432285368802903,0.14581853053204194,0.16322838080190902
overall,2.0,23,0.661136553868961,0.6831898722599052,0.672163213064433,6548,825,0.1259926695174099,0.11817362725388894,0.1342503019204672
overall,2.0,24,0.6831898722599052,0.7074808006694133,0.6953353364646593,6744,630,0.09341637010676157,0.08670031453398176,0.10059536828109798
overall,2.0,25,0.7074808006694133,0.7350029392568705,0.721241869963142,6702,421,0.06281706953148314,0.05725473941951839,0.06888030081167346
overall,2.0,26,0.7350029392568705,0.7667089364459112,0.7508559378513908,6780,249,0.03672566371681416,0.03250445198723584,0.0414715677358662
overall,2.0,27,0.7667089364459112,0.8055128075647395,0.7861108720053254,6692,98,0.014644351464435146,0.01203207143979709,0.017813556927516738
overall,2.0,28,0.8055128075647395,0.8586086497132359,0.8320607286389877,6558,11,0.0016773406526379995,0.0009368716542968024,0.0030012910712404924
overall,2.0,29,0.8586086497132359,0.999599335885112,0.929103992799174,6686,0,0.0,5.421010862427522e-20,0.0005742437907647919
reallocate_total_fixed,-0.5,0,0.20255891124204944,0.3290009718847427,0.26577994156339607,3299,726,0.22006668687481054,0.20625931506013273,0.23452525056965712
reallocate_total_fixed,-0.5,1,0.3290009718847427,0.35344498638485744,0.34122297913480004,3324,584,0.17569193742478942,0.16313098593778597,0.18900163960544902
reallocate_total_fixed,-0.5,2,0.35344498638485744,0.37163132276118577,0.36253815457302163,3279,573,0.1747483989021043,0.1621327851701906,0.1881252351985047
reallocate_total_fixed,-0.5,3,0.37163132276118577,0.3871747084057476,0.3794030155834667,3365,642,0.19078751857355125,0.1778669328055938,0.20441331450552935
reallocate_total_fixed,-0.5,4,0.3871747084057476,0.40127776318866143,0.3942262357972045,3349,704,0.21021200358315914,0.1967478383158755,0.2243402321733477
reallocate_total_fixed,-0.5,5,0.40127776318866143,0.4145383429083215,0.4079080530484914,3290,779,0.23677811550151975,0.22256406192358583,0.25160615925523466
reallocate_total_fixed,-0.5,6,0.4145383429083215,0.427264375650558,0.4209013592794397,3339,796,0.2383947289607667,0.2242474402128748,0.25314329227053095
reallocate_total_fixed,-0.5,7,0.427264375650558,0.43961365849498674,0.4334390170727724,3459,955,0.2760913558832032,0.26144722586078867,0.2912322845158915
reallocate_total_fixed,-0.5,8,0.43961365849498674,0.4517624973795404,0.44568807793726356,3282,941,0.28671541742839735,0.2714999102598982,0.3024296425219524
reallocate_total_fixed,-0.5,9,0.4517624973795404,0.46377634036325416,0.45776941887139727,3230,962,0.2978328173374613,0.28230944305579225,0.3138365153609714
reallocate_total_fixed,-0.5,10,0.46377634036325416,0.47594261790777187,0.469859479135513,3436,1049,0.3052968568102445,0.290122444497115,0.3209061563547382
reallocate_total_fixed,-0.5,11,0.47594261790777187,0.4882578866746426,0.48210025229120723,3359,1084,0.3227150937779101,0.30711482451365846,0.3387204119720565
reallocate_total_fixed,-0.5,12,0.4882578866746426,0.5007599055610387,0.49450889611784066,3322,1030,0.31005418422636966,0.29455281367587827,0.3259943585045406
reallocate_total_fixed,-0.5,13,0.5007599055610387,0.5137094566018006,0.5072346810814197,3441,502,0.14588782330717814,0.13448815383912427,0.15807728661538023
reallocate_total_fixed,-0.5,14,0.5137094566018006,0.5272568515613503,0.5204831540815754,3373,500,0.14823599169878446,0.1366445133964058,0.160627825347585
reallocate_total_fixed,-0.5,15,0.5272568515613503,0.5412493329962655,0.5342530922788079,3261,492,0.15087396504139836,0.13900016149037647,0.16356937205146516
reallocate_total_fixed,-0.5,16,0.5412493329962655,0.5558206710001025,0.5485350019981841,3260,458,0.14049079754601226,0.12898466910065626,0.15284322352746632
reallocate_total_fixed,-0.5,17,0.5558206710001025,0.57118039178126,0.5635005313906812,3374,483,0.14315352697095435,0.13174133356109022,0.15537739930074676
reallocate_total_fixed,-0.5,18,0.57118039178126,0.5871831312341517,0.5791817615077058,3302,457,0.13840096910963054,0.127042026348139,0.1506003144101115
reallocate_total_fixed,-0.5,19,0.5871831312341517,0.6039742205598659,0.5955786758970087,3355,505,0.15052160953800298,0.13882163433953962,0.16302100093090602
reallocate_total_fixed,-0.5,20,0.6039742205598659,0.6216706967805652,0.6128224586702156,3291,480,0.14585232452142205,0.13420609067032876,0.15832439091640363
reallocate_total_fixed,-0.5,21,0.6216706967805652,0.6406739713072417,0.6311723340439035,3347,446,0.1332536599940245,0.1221593716584736,0.14518886706459824
reallocate_total_fixed,-0.5,22,0.6406739713072417,0.661136553868961,0.6509052625881013,3308,438,0.13240628778718258,0.12128140758381029,0.14438395515576036
reallocate_total_fixed,-0.5,23,0.661136553868961,0.6831898722599052,0.672163213064433,3274,448,0.13683567501527183,0.12548815521270001,0.14903444526927567
reallocate_total_fixed,-0.5,24,0.6831898722599052,0.7074808006694133,0.6953353364646593,3372,455,0.13493475682087783,0.12381742721929413,0.14688295161364637
reallocate_total_fixed,-0.5,25,0.7074808006694133,0.7350029392568705,0.721241869963142,3351,462,0.1378692927484333,0.12661010344526014,0.14995782751159925
reallocate_total_fixed,-0.5,26,0.7350029392568705,0.7667089364459112,0.7508559378513908,3390,478,0.1410029498525074,0.12969324986073438,0.1531253707843777
reallocate_total_fixed,-0.5,27,0.7667089364459112,0.8055128075647395,0.7861108720053254,3346,425,0.12701733413030483,0.11616035969904816,0.13872978197212815
reallocate_total_fixed,-0.5,28,0.8055128075647395,0.8586086497132359,0.8320607286389877,3279,415,0.12656297651723086,0.11561792247991258,0.13838202683229306
reallocate_total_fixed,-0.5,29,0.8586086497132359,0.999599335885112,0.929103992799174,3343,408,0.12204606640741848,0.11138129054887447,0.1335784948201134
reallocate_total_fixed,0.5,0,0.20255891124204944,0.3290009718847427,0.26577994156339607,3299,823,0.24946953622309792,0.2350008171166451,0.2645210491454245
reallocate_total_fixed,0.5,1,0.3290009718847427,0.35344498638485744,0.34122297913480004,3324,847,0.25481347773766544,0.24028846946672516,0.2699045637593755
reallocate_total_fixed,0.5,2,0.35344498638485744,0.37163132276118577,0.36253815457302163,3279,774,0.23604757548032937,0.2218265687102526,0.25088633952144523
reallocate_total_fixed,0.5,3,0.37163132276118577,0.3871747084057476,0.3794030155834667,3365,799,0.23744427934621098,0.22337136685578618,0.25211599354726744
reallocate_total_fixed,0.5,4,0.3871747084057476,0.40127776318866143,0.3942262357972045,3349,786,0.2346969244550612,0.2206520399407537,0.249349763902291
reallocate_total_fixed,0.5,5,0.40127776318866143,0.4145383429083215,0.4079080530484914,3290,768,0.23343465045592704,0.21929572248258736,0.24819536755647217
reallocate_total_fixed,0.5,6,0.4145383429083215,0.427264375650558,0.4209013592794397,3339,787,0.23569931117100928,0.22161154148155285,0.2503945505809607
reallocate_total_fixed,0.5,7,0.427264375650558,0.43961365849498674,0.4334390170727724,3459,856,0.2474703671581382,0.2333742672110616,0.26212676870117885
reallocate_total_fixed,0.5,8,0.43961365849498674,0.4517624973795404,0.44568807793726356,3282,761,0.23187081048141378,0.217750666334864,0.2466179143051766
reallocate_total_fixed,0.5,9,0.4517624973795404,0.46377634036325416,0.45776941887139727,3230,769,0.23808049535603715,0.22370877822212584,0.25307450021674394
reallocate_total_fixed,0.5,10,0.46377634036325416,0.47594261790777187,0.469859479135513,3436,795,0.23137369033760186,0.2175775629517828,0.2457698190904601
reallocate_total_fixed,0.5,11,0.47594261790777187,0.4882578866746426,0.48210025229120723,3359,800,0.23816612086930633,0.22406509156782037,0.25286537105046053
reallocate_total_fixed,0.5,12,0.4882578866746426,0.5007599055610387,0.49450889611784066,3322,849,0.2555689343768814,0.2410243722023789,0.2706781694941348
reallocate_total_fixed,0.5,13,0.5007599055610387,0.5137094566018006,0.5072346810814197,3441,941,0.2734670154024993,0.2588324015215875,0.28860687696367016
reallocate_total_fixed,0.5,14,0.5137094566018006,0.5272568515613503,0.5204831540815754,3373,772,0.22887637118292323,0.21501166990039816,0.24335794980577935
reallocate_total_fixed,0.5,15,0.5272568515613503,0.5412493329962655,0.5342530922788079,3261,523,0.1603802514566084,0.14818595926502165,0.17337377582289187
reallocate_total_fixed,0.5,16,0.5412493329962655,0.5558206710001025,0.5485350019981841,3260,444,0.1361963190184049,0.12484930083853331,0.1483997440906078
reallocate_total_fixed,0.5,17,0.5558206710001025,0.57118039178126,0.5635005313906812,3374,321,0.0951393005334914,0.08569423316048533,0.10550525943857555
reallocate_total_fixed,0.5,18,0.57118039178126,0.5871831312341517,0.5791817615077058,3302,230,0.06965475469412477,0.061462588492151665,0.07884709845715648
reallocate_total_fixed,0.5,19,0.5871831312341517,0.6039742205598659,0.5955786758970087,3355,180,0.05365126676602087,0.04652430284757609,0.06179923345732142
reallocate_total_fixed,0.5,20,0.6039742205598659,0.6216706967805652,0.6128224586702156,3291,101,0.03068975995138256,0.025322239424308023,0.03715165916917824
reallocate_total_fixed,0.5,21,0.6216706967805652,0.6406739713072417,0.6311723340439035,3347,41,0.012249775918733195,0.009042728223149969,0.016575194151933356
reallocate_total_fixed,0.5,22,0.6406739713072417,0.661136553868961,0.6509052625881013,3308,8,0.0024183796856106408,0.001225930511318533,0.004765177275962116
reallocate_total_fixed,0.5,23,0.661136553868961,0.6831898722599052,0.672163213064433,3274,0,0.0,0.0,0.0011719907392718427
reallocate_total_fixed,0.5,24,0.6831898722599052,0.7074808006694133,0.6953353364646593,3372,0,0.0,0.0,0.001137968084758479
reallocate_total_fixed,0.5,25,0.7074808006694133,0.7350029392568705,0.721241869963142,3351,0,0.0,0.0,0.0011450913211520923
reallocate_total_fixed,0.5,26,0.7350029392568705,0.7667089364459112,0.7508559378513908,3390,0,0.0,0.0,0.001131932615829802
reallocate_total_fixed,0.5,27,0.7667089364459112,0.8055128075647395,0.7861108720053254,3346,0,0.0,1.0842021724855044e-19,0.0011468004934919907
reallocate_total_fixed,0.5,28,0.8055128075647395,0.8586086497132359,0.8320607286389877,3279,0,0.0,0.0,0.001170205714463957
reallocate_total_fixed,0.5,29,0.8586086497132359,0.999599335885112,0.929103992799174,3343,0,0.0,1.0842021724855044e-19,0.0011478284481703585
reallocate_total_fixed,1.0,0,0.20255891124204944,0.3290009718847427,0.26577994156339607,3299,1463,0.4434677174901485,0.42659041886681387,0.4604765237319471
reallocate_total_fixed,1.0,1,0.3290009718847427,0.35344498638485744,0.34122297913480004,3324,1276,0.3838748495788207,0.3674847824276353,0.4005330222659534
reallocate_total_fixed,1.0,2,0.35344498638485744,0.37163132276118577,0.36253815457302163,3279,1151,0.35102165294297044,0.33486780297277047,0.3675241735392855
reallocate_total_fixed,1.0,3,0.37163132276118577,0.3871747084057476,0.3794030155834667,3365,1118,0.33224368499257056,0.316528119543619,0.3483418464411277
reallocate_total_fixed,1.0,4,0.3871747084057476,0.40127776318866143,0.3942262357972045,3349,1088,0.3248730964467005,0.3092199323968695,0.34092757233463933
reallocate_total_fixed,1.0,5,0.40127776318866143,0.4145383429083215,0.4079080530484914,3290,1035,0.31458966565349544,0.2989462943293542,0.33066552428390267
reallocate_total_fixed,1.0,6,0.4145383429083215,0.427264375650558,0.4209013592794397,3339,1053,0.31536388140161725,0.299822696443005,0.33132943472587845
reallocate_total_fixed,1.0,7,0.427264375650558,0.43961365849498674,0.4334390170727724,3459,1129,0.32639491182422664,0.31096872403392645,0.34220628691661775
reallocate_total_fixed,1.0,8,0.43961365849498674,0.4517624973795404,0.44568807793726356,3282,1037,0.31596587446678853,0.3002834375451125,0.33207863371236995
reallocate_total_fixed,1.0,9,0.4517624973795404,0.46377634036325416,0.45776941887139727,3230,1035,0.3204334365325077,0.30456179685394685,0.33673170373062106
reallocate_total_fixed,1.0,10,0.46377634036325416,0.47594261790777187,0.469859479135513,3436,1030,0.29976717112922,0.2846782785821653,0.315303301965032
reallocate_total_fixed,1.0,11,0.47594261790777187,0.4882578866746426,0.48210025229120723,3359,1045,0.3111044953855314,0.29567173781219674,0.3269688290227086
reallocate_total_fixed,1.0,12,0.4882578866746426,0.5007599055610387,0.49450889611784066,3322,1094,0.329319686935581,0.3135431550570868,0.3454905162999617
reallocate_total_fixed,1.0,13,0.5007599055610387,0.5137094566018006,0.5072346810814197,3441,1184,0.34408602150537637,0.32839436656485244,0.36012541907638007
reallocate_total_fixed,1.0,14,0.5137094566018006,0.5272568515613503,0.5204831540815754,3373,1061,0.31455677438482066,0.2991047244301449,0.33043075629835605
reallocate_total_fixed,1.0,15,0.5272568515613503,0.5412493329962655,0.5342530922788079,3261,840,0.2575896964121435,0.24287152814523308,0.27287833242993237
reallocate_total_fixed,1.0,16,0.5412493329962655,0.5558206710001025,0.5485350019981841,3260,792,0.24294478527607363,0.2285309667840254,0.25796372094836945
reallocate_total_fixed,1.0,17,0.5558206710001025,0.57118039178126,0.5635005313906812,3374,734,0.2175459395376408,0.20394980644885208,0.2317845394127182
reallocate_total_fixed,1.0,18,0.57118039178126,0.5871831312341517,0.5791817615077058,3302,614,0.18594791035735916,0.17304499067358559,0.19958072738864702
reallocate_total_fixed,1.0,19,0.5871831312341517,0.6039742205598659,0.5955786758970087,3355,533,0.15886736214605068,0.14688873911446726,0.1716263108360872
reallocate_total_fixed,1.0,20,0.6039742205598659,0.6216706967805652,0.6128224586702156,3291,433,0.13157095107869948,0.12045039724253223,0.14355064001522247
reallocate_total_fixed,1.0,21,0.6216706967805652,0.6406739713072417,0.6311723340439035,3347,349,0.1042724828204362,0.09436833396833412,0.11508400182694788
reallocate_total_fixed,1.0,22,0.6406739713072417,0.661136553868961,0.6509052625881013,3308,229,0.06922611850060459,0.061066103898956954,0.07838549306147737
reallocate_total_fixed,1.0,23,0.661136553868961,0.6831898722599052,0.672163213064433,3274,154,0.047037263286499695,0.04030066806617571,0.054835594772150574
reallocate_total_fixed,1.0,24,0.6831898722599052,0.7074808006694133,0.6953353364646593,3372,84,0.02491103202846975,0.02016639897389752,0.030736937248986865
reallocate_total_fixed,1.0,25,0.7074808006694133,0.7350029392568705,0.721241869963142,3351,28,0.008355714712026261,0.005787390313529149,0.012049994318877934
reallocate_total_fixed,1.0,26,0.7350029392568705,0.7667089364459112,0.7508559378513908,3390,0,0.0,0.0,0.001131932615829802
reallocate_total_fixed,1.0,27,0.7667089364459112,0.8055128075647395,0.7861108720053254,3346,0,0.0,1.0842021724855044e-19,0.0011468004934919907
reallocate_total_fixed,1.0,28,0.8055128075647395,0.8586086497132359,0.8320607286389877,3279,0,0.0,0.0,0.001170205714463957
reallocate_total_fixed,1.0,29,0.8586086497132359,0.999599335885112,0.929103992799174,3343,0,0.0,1.0842021724855044e-19,0.0011478284481703585
reallocate_total_fixed,2.0,0,0.20255891124204944,0.3290009718847427,0.26577994156339607,3299,1803,0.5465292512882691,0.5294967717572658,0.5634534926453625
reallocate_total_fixed,2.0,1,0.3290009718847427,0.35344498638485744,0.34122297913480004,3324,1624,0.48856799037304455,0.47159752531031673,0.5055648492450107
reallocate_total_fixed,2.0,2,0.35344498638485744,0.37163132276118577,0.36253815457302163,3279,1489,0.45410186032326927,0.4371235680008775,0.4711875731763271
reallocate_total_fixed,2.0,3,0.37163132276118577,0.3871747084057476,0.3794030155834667,3365,1449,0.4306092124814265,0.413967138224863,0.4474095438963741
reallocate_total_fixed,2.0,4,0.3871747084057476,0.40127776318866143,0.3942262357972045,3349,1401,0.41833383099432664,0.40172977448138186,0.43512502951532345
reallocate_total_fixed,2.0,5,0.40127776318866143,0.4145383429083215,0.4079080530484914,3290,1369,0.41610942249240124,0.3993734872385894,0.4330410405274088
reallocate_total_fixed,2.0,6,0.4145383429083215,0.427264375650558,0.4209013592794397,3339,1357,0.40640910452231205,0.3898659568025524,0.423167361916468
reallocate_total_fixed,2.0,7,0.427264375650558,0.43961365849498674,0.4334390170727724,3459,1439,0.41601618965018794,0.39969203912168244,0.43252667974781484
reallocate_total_fixed,2.0,8,0.43961365849498674,0.4517624973795404,0.44568807793726356,3282,1303,0.39701401584399754,0.38040424362014963,0.4138645975802297
reallocate_total_fixed,2.0,9,0.4517624973795404,0.46377634036325416,0.45776941887139727,3230,1290,0.3993808049535604,0.3826192325849849,0.416381435846023
reallocate_total_fixed,2.0,10,0.46377634036325416,0.47594261790777187,0.469859479135513,3436,1290,0.37543655413271243,0.3593926503792158,0.3917586817053778
reallocate_total_fixed,2.0,11,0.47594261790777187,0.4882578866746426,0.48210025229120723,3359,1294,0.385233700506103,0.3689160207778466,0.40181359075068934
reallocate_total_fixed,2.0,12,0.4882578866746426,0.5007599055610387,0.49450889611784066,3322,1333,0.401264298615292,0.3847193697142001,0.4180373220055739
reallocate_total_fixed,2.0,13,0.5007599055610387,0.5137094566018006,0.5072346810814197,3441,1423,0.4135425748328974,0.3971931043726649,0.43008487554954694
reallocate_total_fixed,2.0,14,0.5137094566018006,0.5272568515613503,0.5204831540815754,3373,1315,0.38986065816780313,0.3735353257191869,0.40643658649606174
reallocate_total_fixed,2.0,15,0.5272568515613503,0.5412493329962655,0.5342530922788079,3261,1163,0.3566390677706225,0.3403757819668963,0.3732397269754058
reallocate_total_fixed,2.0,16,0.5412493329962655,0.5558206710001025,0.5485350019981841,3260,1090,0.3343558282208589,0.318364458149785,0.350737130603787
reallocate_total_fixed,2.0,17,0.5558206710001025,0.57118039178126,0.5635005313906812,3374,1106,0.3278008298755187,0.3121651124003548,0.3438282296201828
reallocate_total_fixed,2.0,18,0.57118039178126,0.5871831312341517,0.5791817615077058,3302,1013,0.3067837674136887,0.2912862209972441,0.3227303731432617
reallocate_total_fixed,2.0,19,0.5871831312341517,0.6039742205598659,0.5955786758970087,3355,941,0.2804769001490313,0.26553329587322894,0.2959226537017674
reallocate_total_fixed,2.0,20,0.6039742205598659,0.6216706967805652,0.6128224586702156,3291,846,0.25706472196900637,0.24242299089528285,0.2722729507851912
reallocate_total_fixed,2.0,21,0.6216706967805652,0.6406739713072417,0.6311723340439035,3347,780,0.23304451747833882,0.21903255344387432,0.24766858814395845
reallocate_total_fixed,2.0,22,0.6406739713072417,0.661136553868961,0.6509052625881013,3308,678,0.20495767835550183,0.19154737172627062,0.21905245889364794
reallocate_total_fixed,2.0,23,0.661136553868961,0.6831898722599052,0.672163213064433,3274,585,0.1786805131337813,0.16593703962873493,0.19217715356473722
reallocate_total_fixed,2.0,24,0.6831898722599052,0.7074808006694133,0.6953353364646593,3372,492,0.14590747330960854,0.13439512571225562,0.15822571289581175
reallocate_total_fixed,2.0,25,0.7074808006694133,0.7350029392568705,0.721241869963142,3351,375,0.11190689346463742,0.1016741726758681,0.12302841834959193
reallocate_total_fixed,2.0,26,0.7350029392568705,0.7667089364459112,0.7508559378513908,3390,249,0.07345132743362832,0.06514391938369281,0.08272438419299742
reallocate_total_fixed,2.0,27,0.7667089364459112,0.8055128075647395,0.7861108720053254,3346,98,0.029288702928870293,0.024093016798792583,0.03556401295449485
reallocate_total_fixed,2.0,28,0.8055128075647395,0.8586086497132359,0.8320607286389877,3279,11,0.003354681305275999,0.0018742414606788436,0.005997475529869833
reallocate_total_fixed,2.0,29,0.8586086497132359,0.999599335885112,0.929103992799174,3343,0,0.0,1.0842021724855044e-19,0.0011478284481703585
