,delta_abs,g,N,LWMP_exceed_pct,LWMP_CI_lo_pct,LWMP_CI_hi_pct,VWAP_p95_PT,VWAP_p95_CI_lo,VWAP_p95_CI_hi,measure_raw,measure_pretty,scheme
0,0.05,1,99992,4.650372029762381,4.5215852144967155,4.782643292541522,0.4922967711732612,0.48987864110306906,0.4948515361256616,hhi_base,HHI (roll if available),median
1,0.05,2,99990,11.15911591159116,10.965442425820672,11.355773803959622,0.7605649690696348,0.7556869767010361,0.7655947847518333,hhi_base,HHI (roll if available),median
2,0.1,1,99992,4.811384910792863,4.680464047517542,4.945777850125529,0.4962410848201364,0.493757707895638,0.49859093855073444,hhi_base,HHI (roll if available),median
3,0.1,2,99990,11.075107510751076,10.88208129883155,11.27112458419955,0.7647778929404155,0.7605410497393266,0.7700261656237938,hhi_base,HHI (roll if available),median
4,0.05,1,66662,3.8597701839128735,3.7161744242609602,4.008683578581683,0.47511444130032293,0.4721906610208974,0.4782351645260852,hhi_base,HHI (roll if available),tercile
5,0.05,2,66660,6.957695769576958,6.767015049946093,7.1533372389024965,0.5413664585042783,0.5380724529424784,0.5451366148418825,hhi_base,HHI (roll if available),tercile
6,0.05,3,66660,12.896789678967895,12.644488543102126,13.153367066827196,0.8161430159856108,0.8129761196495163,0.8205125439400343,hhi_base,HHI (roll if available),tercile
7,0.1,1,66662,4.045783204824337,3.898840194205841,4.19802241256578,0.47977572094847437,0.47685439308384986,0.48283516474878907,hhi_base,HHI (roll if available),tercile
8,0.1,2,66660,6.93969396939694,6.749245621172596,7.135105142075347,0.5402438421299055,0.5374842344219368,0.5439259355136951,hhi_base,HHI (roll if available),tercile
9,0.1,3,66660,12.844284428442846,12.592428205384026,13.10042295487674,0.8198507954170793,0.8164400185482538,0.8233463902393036,hhi_base,HHI (roll if available),tercile
10,0.05,1,49996,3.4202736218897507,3.264501472260202,3.5832034212689003,0.4655000747995045,0.46208572070975096,0.46913486776143026,hhi_base,HHI (roll if available),quartile
11,0.05,2,49996,5.880470437635011,5.6776186085679,6.090101871570583,0.5182890529257784,0.5140183510163914,0.5226943638261838,hhi_base,HHI (roll if available),quartile
12,0.05,3,49996,8.296663733098649,8.058069059393741,8.541666728569236,0.5756739004292084,0.5713967952946515,0.580226097770268,hhi_base,HHI (roll if available),quartile
13,0.05,4,49994,14.02168260191223,13.720083279981882,14.328810734674951,0.8427303275333508,0.8402571113705128,0.8457318732904494,hhi_base,HHI (roll if available),quartile
14,0.1,1,49996,3.558284662773022,3.3994366638387468,3.724269104061126,0.46936212165105545,0.4649640945567649,0.4727797043310573,hhi_base,HHI (roll if available),quartile
15,0.1,2,49996,6.064485158812706,5.858623014823884,6.277098631142292,0.5216617595241533,0.5182762108945191,0.5263115605625556,hhi_base,HHI (roll if available),quartile
16,0.1,3,49996,8.136650932074566,7.900202256953263,8.379532517246501,0.5735898044105239,0.5691132658729418,0.5779319007767234,hhi_base,HHI (roll if available),quartile
17,0.1,4,49994,14.013681641797016,13.7121556150918,14.320737708847211,0.844118328962248,0.8413249511206684,0.8474828695985703,hhi_base,HHI (roll if available),quartile
18,0.05,1,39998,3.1301565078253915,2.963953390396302,3.3053619703244914,0.45908235227121164,0.45534412414031644,0.4629357732936771,hhi_base,HHI (roll if available),quintile
19,0.05,2,39996,5.210521052105211,4.996985337663957,5.432659963731436,0.505427035773401,0.5004683537374309,0.510527950767117,hhi_base,HHI (roll if available),quintile
20,0.05,3,39996,7.105710571057106,6.858014152832148,7.361646157022678,0.5424706935063935,0.5384888600827743,0.5483076136672861,hhi_base,HHI (roll if available),quintile
21,0.05,4,39996,10.00100010001,9.710802874344584,10.298880364001038,0.6427097666014285,0.6363690280599195,0.6494658851077708,hhi_base,HHI (roll if available),quintile
22,0.05,5,39996,14.076407640764078,13.739017159674058,14.420698352799374,0.857058780662721,0.8539022646008005,0.8601631216816864,hhi_base,HHI (roll if available),quintile
23,0.1,1,39998,3.165158257912896,2.9980317568295938,3.3412803812395704,0.46060060238401707,0.45631122142769664,0.46401595970890935,hhi_base,HHI (roll if available),quintile
24,0.1,2,39996,5.575557555755576,5.354923055537981,5.8047251366688615,0.5108031946586595,0.5066100680099117,0.5159795707383414,hhi_base,HHI (roll if available),quintile
25,0.1,3,39996,6.918191819181918,6.673606530341618,7.171052294507328,0.5391946052855852,0.5355750196469252,0.5429869681533293,hhi_base,HHI (roll if available),quintile
26,0.1,4,39996,9.875987598759876,9.58744259633705,10.172239652004652,0.6407690054340376,0.635970198649161,0.6468057187660821,hhi_base,HHI (roll if available),quintile
27,0.1,5,39996,14.18141814181418,13.84295792280141,14.526758421275312,0.8588096445584597,0.8556193240751386,0.8623053630935898,hhi_base,HHI (roll if available),quintile
28,0.05,1,20000,2.41,2.2064176547261765,2.6318610087081513,0.44365793728478453,0.4371996217993358,0.4483770918522336,hhi_base,HHI (roll if available),decile
29,0.05,2,19998,3.850385038503851,3.592448084356068,4.1260491964143196,0.4749572484723226,0.4699412186399268,0.480727658386396,hhi_base,HHI (roll if available),decile
30,0.05,3,19998,4.760476047604761,4.473946700739597,5.064383009860653,0.49428235846245444,0.48843752114910155,0.5009346239669015,hhi_base,HHI (roll if available),decile
31,0.05,4,19998,5.660566056605661,5.3487125152619495,5.989451466598602,0.5151654973572467,0.5092995594495416,0.5217964424522724,hhi_base,HHI (roll if available),decile
32,0.05,5,19998,6.5706570657065715,6.235523132033238,6.922473279657177,0.5299577833551226,0.5234723457132964,0.5364377973680629,hhi_base,HHI (roll if available),decile
33,0.05,6,19998,7.640764076407641,7.28065570924557,8.017143669387647,0.5565327827814528,0.5512934158709456,0.5622609903006398,hhi_base,HHI (roll if available),decile
34,0.05,7,19998,8.095809580958095,7.725748562627809,8.48196703092034,0.574671031598151,0.5658330667392275,0.5827070182881788,hhi_base,HHI (roll if available),decile
35,0.05,8,19998,11.906190619061906,11.464619119518929,12.362394889031163,0.7025645112623206,0.6950151144659678,0.7103090306310371,hhi_base,HHI (roll if available),decile
36,0.05,9,19998,14.24142414241424,13.763918678912532,14.732665355629567,0.8215572081218533,0.8172191624611492,0.8246676433268414,hhi_base,HHI (roll if available),decile
37,0.05,10,19998,13.91139113911391,13.438672283499528,14.397972518247123,0.8864255985916049,0.8833661072003735,0.8902439591624793,hhi_base,HHI (roll if available),decile
38,0.1,1,20000,2.405,2.201633512520897,2.6266470713445544,0.4422385552810382,0.43620258059416384,0.4489643503201263,hhi_base,HHI (roll if available),decile
39,0.1,2,19998,3.9253925392539255,3.6649633025245496,4.203520167517531,0.47720601335858,0.47102514828488423,0.4838652442405627,hhi_base,HHI (roll if available),decile
40,0.1,3,19998,5.1905190519051905,4.89157050063583,5.5066800284554525,0.5027349672623365,0.4979973722426318,0.5091572321382757,hhi_base,HHI (roll if available),decile
41,0.1,4,19998,5.96059605960596,5.6408343131938175,6.297274425753502,0.5190458433012413,0.5122812150191931,0.5257941049881437,hhi_base,HHI (roll if available),decile
42,0.1,5,19998,6.575657565756576,6.2404012885062805,6.927594202468912,0.5321496282259932,0.5261202762684142,0.5381560345438124,hhi_base,HHI (roll if available),decile
43,0.1,6,19998,7.2607260726072615,6.9092217377315315,7.628647615258448,0.5493883531319183,0.5406401781483717,0.5565349365639796,hhi_base,HHI (roll if available),decile
44,0.1,7,19998,8.17081708170817,7.799150175308063,8.558551607511776,0.5749201286372568,0.5658779925363926,0.5823029009758625,hhi_base,HHI (roll if available),decile
45,0.1,8,19998,11.581158115811581,11.14500019419385,12.03207366084558,0.6979138774481862,0.6928219114597443,0.7059047995932173,hhi_base,HHI (roll if available),decile
46,0.1,9,19998,14.186418641864188,13.709704739203628,14.6768894232059,0.8237506491514224,0.8199059676686068,0.8259595092192504,hhi_base,HHI (roll if available),decile
47,0.1,10,19998,14.176417641764177,13.69984792392318,14.666748079916786,0.888435440357145,0.8853060328512213,0.891490368660273,hhi_base,HHI (roll if available),decile
48,0.05,1,66662,3.8597701839128735,3.7161744242609602,4.008683578581683,0.47511444130032293,0.4721906610208974,0.4782351645260852,hhi_base,HHI (roll if available),extreme_tercile
49,0.05,3,66662,12.896402748192374,12.644108638704832,13.152973025977849,0.8161279960864086,0.8130754075623735,0.8205631833099051,hhi_base,HHI (roll if available),extreme_tercile
50,0.1,1,66662,4.045783204824337,3.898840194205841,4.19802241256578,0.47977572094847437,0.47685439308384986,0.48283516474878907,hhi_base,HHI (roll if available),extreme_tercile
51,0.1,3,66662,12.843899072935105,12.5920498664326,13.100030498753998,0.8198432359162068,0.8163880468172026,0.8233772408954602,hhi_base,HHI (roll if available),extreme_tercile
52,0.05,1,20000,2.41,2.2064176547261765,2.6318610087081513,0.44365793728478453,0.4371996217993358,0.4483770918522336,hhi_base,HHI (roll if available),extreme_decile
53,0.05,10,20000,13.91,13.437324800882177,14.396536870967896,0.8864255985916043,0.8832547836623679,0.8897633005365109,hhi_base,HHI (roll if available),extreme_decile
54,0.1,1,20000,2.405,2.201633512520897,2.6266470713445544,0.4422385552810382,0.43620258059416384,0.4489643503201263,hhi_base,HHI (roll if available),extreme_decile
55,0.1,10,20000,14.174999999999999,13.698474211381646,14.665285677618872,0.8884348406241309,0.8856496767350065,0.8917015434752994,hhi_base,HHI (roll if available),extreme_decile
56,0.05,1,99992,1.5541243299463956,1.4792962208956093,1.6326747873067957,0.45378487857553973,0.4520849204279554,0.4555803133268924,max_share,max_share,median
57,0.05,2,99990,14.255425542554256,14.040092468165552,14.4735051132279,0.7649054706631286,0.7595872808343658,0.7693180625138316,max_share,max_share,median
58,0.1,1,99992,1.5671253700296022,1.4919819395939136,1.6459901498374534,0.45401856508130023,0.4524059638355024,0.45564955500905985,max_share,max_share,median
59,0.1,2,99990,14.319431943194319,14.103691563957396,14.537913900673535,0.768441775292855,0.7639724623556469,0.7734588982907904,max_share,max_share,median
60,0.05,1,66662,0.0,0.0,0.005762471316345011,0.4171142503949884,0.41558497357762103,0.41815659927306453,max_share,max_share,tercile
61,0.05,2,66660,9.432943294329434,9.21338795615418,9.657174102783628,0.5467050134458207,0.5451881523638893,0.548472609261134,max_share,max_share,tercile
62,0.05,3,66660,14.281428142814281,14.017874761644025,14.549098192401875,0.8184033496603544,0.8145784609324618,0.82224862317649,max_share,max_share,tercile
63,0.1,1,66662,0.0,0.0,0.005762471316345011,0.4155811021726048,0.41421260896937456,0.4174069695627917,max_share,max_share,tercile
64,0.1,2,66660,9.546954695469546,9.326196611212403,9.772375109862848,0.5470851286624671,0.5451389877431182,0.5490998177176138,max_share,max_share,tercile
65,0.1,3,66660,14.282928292829283,14.019363201100873,14.55060988007841,0.8220259432253688,0.8185226431949371,0.8249642492752101,max_share,max_share,tercile
66,0.05,1,49996,0.0,0.0,0.00768322434045471,0.39549866419547947,0.394010967709127,0.3967098321256091,max_share,max_share,quartile
67,0.05,2,49996,3.108248659892791,2.9596934500156777,3.2640094666751627,0.486169866032603,0.4847908568255902,0.48775683306787615,max_share,max_share,quartile
68,0.05,3,49996,14.27314185134811,13.969261936202207,14.582511715816729,0.613666737296545,0.610999546559354,0.6162017321011344,max_share,max_share,quartile
69,0.05,4,49994,14.237708525023002,13.934142819739497,14.546769844298385,0.8449879617076564,0.8419551849271106,0.847529002110287,max_share,max_share,quartile
70,0.1,1,49996,0.0,0.0,0.00768322434045471,0.39495434526685796,0.393653311772282,0.39624766196282357,max_share,max_share,quartile
71,0.1,2,49996,3.1342507400592043,2.9850793126452047,3.290623768782158,0.48713268964624223,0.4858524330379556,0.4885611204183349,max_share,max_share,quartile
72,0.1,3,49996,14.245139611168895,13.941512711415571,14.554260763194799,0.6121603597120115,0.6097324722385745,0.6142478926658271,max_share,max_share,quartile
73,0.1,4,49994,14.393727247269672,14.088756306064631,14.70416982697068,0.846773776960195,0.8432921788563617,0.8491067084668339,max_share,max_share,quartile
74,0.05,1,39998,0.0,0.0,0.009603557852196486,0.3817494307133278,0.3807480147948349,0.38264196444135523,max_share,max_share,quintile
75,0.05,2,39996,0.0,0.0,0.009604038031990607,0.456117520193582,0.4549912455576394,0.45700903028341733,max_share,max_share,quintile
76,0.05,3,39996,11.016101610161016,10.712993646980378,11.326697630197081,0.5374418761379275,0.5361649317461681,0.5390462677211387,max_share,max_share,quintile
77,0.05,4,39996,14.176417641764177,13.8380082179271,14.521708086549474,0.6690564508784064,0.6658850414794083,0.6715649314539314,max_share,max_share,quintile
78,0.05,5,39996,14.331433143314332,13.991455748510164,14.678261783571264,0.8602681883206855,0.8571286083864132,0.8637002217301455,max_share,max_share,quintile
79,0.1,1,39998,0.0,0.0,0.009603557852196486,0.38084376379194007,0.3797525109189792,0.3815291879832536,max_share,max_share,quintile
80,0.1,2,39996,0.0,0.0,0.009604038031990607,0.4552833200935572,0.45411193088306834,0.45618150370220617,max_share,max_share,quintile
81,0.1,3,39996,11.161116111611161,10.856233352011078,11.473459073570927,0.5377959650569032,0.5364108840107248,0.5391069973307085,max_share,max_share,quintile
82,0.1,4,39996,14.046404640464047,13.70932097557478,14.390394299297714,0.6680908254824572,0.6654912216566102,0.6704896026018301,max_share,max_share,quintile
83,0.1,5,39996,14.508950895089509,14.167194715317235,14.85752422256976,0.8617714196616375,0.8586749434450952,0.8641880045847702,max_share,max_share,quintile
84,0.05,1,20000,0.0,0.0,0.01920431123589781,0.3481541271156514,0.346931286408914,0.3490844279501208,max_share,max_share,decile
85,0.05,2,19998,0.0,0.0,0.01920623149020438,0.3953173495408714,0.39450625081502544,0.39629938948613397,max_share,max_share,decile
86,0.05,3,19998,0.0,0.0,0.01920623149020438,0.43310739341926163,0.43236964610124856,0.43380545276524646,max_share,max_share,decile
87,0.05,4,19998,0.0,0.0,0.01920623149020438,0.46859967329402447,0.46780124726643757,0.4691641845090342,max_share,max_share,decile
88,0.05,5,19998,7.770777077707771,7.407787399915292,8.149988040122192,0.5086962672194728,0.5078548715877284,0.5094901550110287,max_share,max_share,decile
89,0.05,6,19998,14.261426142614262,13.78363344805497,14.752946903626249,0.5549376057113663,0.5538451439032777,0.5560301082198064,max_share,max_share,decile
90,0.05,7,19998,14.18141814181418,13.704776321365964,14.671818761758782,0.6148961650070129,0.613545553207141,0.6163756542479141,max_share,max_share,decile
91,0.05,8,19998,14.171417141714171,13.694919546884284,14.661677377670904,0.7049206920498999,0.7022498244279902,0.7072854005010343,max_share,max_share,decile
92,0.05,9,19998,14.401440144014401,13.92164587327272,14.894908698382325,0.8019671059970338,0.7997731960281982,0.8042294478610474,max_share,max_share,decile
93,0.05,10,19998,14.261426142614262,13.78363344805497,14.752946903626249,0.8950790483009619,0.8932145092986894,0.8972111131996853,max_share,max_share,decile
94,0.1,1,20000,0.0,0.0,0.01920431123589781,0.34884284352524375,0.3478634118575632,0.3496057959514131,max_share,max_share,decile
95,0.1,2,19998,0.0,0.0,0.01920623149020438,0.39475142718201717,0.3938078886939723,0.3954947833871703,max_share,max_share,decile
96,0.1,3,19998,0.0,0.0,0.01920623149020438,0.4331748016870623,0.4323520677751399,0.43381500083146796,max_share,max_share,decile
97,0.1,4,19998,0.0,0.0,0.01920623149020438,0.4686438588635879,0.46784559565152667,0.46936696040812864,max_share,max_share,decile
98,0.1,5,19998,7.835783578357836,7.471364725646895,8.21639874509272,0.5083169537257685,0.5074307570594124,0.5090475497422386,max_share,max_share,decile
99,0.1,6,19998,14.486448644864486,14.00544679615403,14.98109212334226,0.5549854340950229,0.5538183507456029,0.5560558236164412,max_share,max_share,decile
100,0.1,7,19998,14.076407640764078,13.601284271918137,14.565330146226243,0.6141357319159838,0.6126732209403446,0.61549373240748,max_share,max_share,decile
101,0.1,8,19998,14.016401640164016,13.542150028505498,14.504475438221528,0.7033389840962808,0.7011412173703848,0.7054869488880887,max_share,max_share,decile
102,0.1,9,19998,14.321432143214322,13.842779697395994,14.81378960570258,0.8027725630769275,0.8009651608287406,0.8040011933953898,max_share,max_share,decile
103,0.1,10,19998,14.696469646964697,14.212508889869687,15.193991359587342,0.8963562500046663,0.8936744137697116,0.8997760308237253,max_share,max_share,decile
104,0.05,1,66662,0.0,0.0,0.005762471316345011,0.4171142503949884,0.41558497357762103,0.41815659927306453,max_share,max_share,extreme_tercile
105,0.05,3,66662,14.280999669976898,14.01745355645208,14.54866237779872,0.8183990241017652,0.8146666873569557,0.8222116786520186,max_share,max_share,extreme_tercile
106,0.1,1,66662,0.0,0.0,0.005762471316345011,0.4155811021726048,0.41421260896937456,0.4174069695627917,max_share,max_share,extreme_tercile
107,0.1,3,66662,14.28249977498425,14.0189419511448,14.550174020234467,0.8220255338416826,0.8182617967844749,0.8245038701983065,max_share,max_share,extreme_tercile
108,0.05,1,20000,0.0,0.0,0.01920431123589781,0.3481541271156514,0.346931286408914,0.3490844279501208,max_share,max_share,extreme_decile
109,0.05,10,20000,14.26,13.782251320620217,14.751475921051203,0.8950639316771393,0.892945914484278,0.897211521582863,max_share,max_share,extreme_decile
110,0.1,1,20000,0.0,0.0,0.01920431123589781,0.34884284352524375,0.3478634118575632,0.3496057959514131,max_share,max_share,extreme_decile
111,0.1,10,20000,14.695,14.211083686628042,15.192476477535624,0.8963447745742261,0.89401966689491,0.8992647610079794,max_share,max_share,extreme_decile
112,0.05,1,99992,4.650372029762381,4.5215852144967155,4.782643292541522,0.4922967711732612,0.48987864110306906,0.4948515361256616,neff,N_eff = 1/HHI (negated for concentration),median
113,0.05,2,99990,11.15911591159116,10.965442425820672,11.355773803959622,0.7605649690696348,0.7556869767010361,0.7655947847518333,neff,N_eff = 1/HHI (negated for concentration),median
114,0.1,1,99992,4.811384910792863,4.680464047517542,4.945777850125529,0.4962410848201364,0.493757707895638,0.49859093855073444,neff,N_eff = 1/HHI (negated for concentration),median
115,0.1,2,99990,11.075107510751076,10.88208129883155,11.27112458419955,0.7647778929404155,0.7605410497393266,0.7700261656237938,neff,N_eff = 1/HHI (negated for concentration),median
116,0.05,1,66662,3.8597701839128735,3.7161744242609602,4.008683578581683,0.47511444130032293,0.4721906610208974,0.4782351645260852,neff,N_eff = 1/HHI (negated for concentration),tercile
117,0.05,2,66660,6.957695769576958,6.767015049946093,7.1533372389024965,0.5413664585042783,0.5380724529424784,0.5451366148418825,neff,N_eff = 1/HHI (negated for concentration),tercile
118,0.05,3,66660,12.896789678967895,12.644488543102126,13.153367066827196,0.8161430159856108,0.8129761196495163,0.8205125439400343,neff,N_eff = 1/HHI (negated for concentration),tercile
119,0.1,1,66662,4.045783204824337,3.898840194205841,4.19802241256578,0.47977572094847437,0.47685439308384986,0.48283516474878907,neff,N_eff = 1/HHI (negated for concentration),tercile
120,0.1,2,66660,6.93969396939694,6.749245621172596,7.135105142075347,0.5402438421299055,0.5374842344219368,0.5439259355136951,neff,N_eff = 1/HHI (negated for concentration),tercile
121,0.1,3,66660,12.844284428442846,12.592428205384026,13.10042295487674,0.8198507954170793,0.8164400185482538,0.8233463902393036,neff,N_eff = 1/HHI (negated for concentration),tercile
122,0.05,1,49996,3.4202736218897507,3.264501472260202,3.5832034212689003,0.4655000747995045,0.46208572070975096,0.46913486776143026,neff,N_eff = 1/HHI (negated for concentration),quartile
123,0.05,2,49996,5.880470437635011,5.6776186085679,6.090101871570583,0.5182890529257784,0.5140183510163914,0.5226943638261838,neff,N_eff = 1/HHI (negated for concentration),quartile
124,0.05,3,49996,8.296663733098649,8.058069059393741,8.541666728569236,0.5756739004292084,0.5713967952946515,0.580226097770268,neff,N_eff = 1/HHI (negated for concentration),quartile
125,0.05,4,49994,14.02168260191223,13.720083279981882,14.328810734674951,0.8427303275333508,0.8402571113705128,0.8457318732904494,neff,N_eff = 1/HHI (negated for concentration),quartile
126,0.1,1,49996,3.558284662773022,3.3994366638387468,3.724269104061126,0.46936212165105545,0.4649640945567649,0.4727797043310573,neff,N_eff = 1/HHI (negated for concentration),quartile
127,0.1,2,49996,6.064485158812706,5.858623014823884,6.277098631142292,0.5216617595241533,0.5182762108945191,0.5263115605625556,neff,N_eff = 1/HHI (negated for concentration),quartile
128,0.1,3,49996,8.136650932074566,7.900202256953263,8.379532517246501,0.5735898044105239,0.5691132658729418,0.5779319007767234,neff,N_eff = 1/HHI (negated for concentration),quartile
129,0.1,4,49994,14.013681641797016,13.7121556150918,14.320737708847211,0.844118328962248,0.8413249511206684,0.8474828695985703,neff,N_eff = 1/HHI (negated for concentration),quartile
130,0.05,1,39998,3.1301565078253915,2.963953390396302,3.3053619703244914,0.45908235227121164,0.45534412414031644,0.4629357732936771,neff,N_eff = 1/HHI (negated for concentration),quintile
131,0.05,2,39996,5.210521052105211,4.996985337663957,5.432659963731436,0.505427035773401,0.5004683537374309,0.510527950767117,neff,N_eff = 1/HHI (negated for concentration),quintile
132,0.05,3,39996,7.105710571057106,6.858014152832148,7.361646157022678,0.5424706935063935,0.5384888600827743,0.5483076136672861,neff,N_eff = 1/HHI (negated for concentration),quintile
133,0.05,4,39996,10.00100010001,9.710802874344584,10.298880364001038,0.6427097666014285,0.6363690280599195,0.6494658851077708,neff,N_eff = 1/HHI (negated for concentration),quintile
134,0.05,5,39996,14.076407640764078,13.739017159674058,14.420698352799374,0.857058780662721,0.8539022646008005,0.8601631216816864,neff,N_eff = 1/HHI (negated for concentration),quintile
135,0.1,1,39998,3.165158257912896,2.9980317568295938,3.3412803812395704,0.46060060238401707,0.45631122142769664,0.46401595970890935,neff,N_eff = 1/HHI (negated for concentration),quintile
136,0.1,2,39996,5.575557555755576,5.354923055537981,5.8047251366688615,0.5108031946586595,0.5066100680099117,0.5159795707383414,neff,N_eff = 1/HHI (negated for concentration),quintile
137,0.1,3,39996,6.918191819181918,6.673606530341618,7.171052294507328,0.5391946052855852,0.5355750196469252,0.5429869681533293,neff,N_eff = 1/HHI (negated for concentration),quintile
138,0.1,4,39996,9.875987598759876,9.58744259633705,10.172239652004652,0.6407690054340376,0.635970198649161,0.6468057187660821,neff,N_eff = 1/HHI (negated for concentration),quintile
139,0.1,5,39996,14.18141814181418,13.84295792280141,14.526758421275312,0.8588096445584597,0.8556193240751386,0.8623053630935898,neff,N_eff = 1/HHI (negated for concentration),quintile
140,0.05,1,20000,2.41,2.2064176547261765,2.6318610087081513,0.44365793728478453,0.4371996217993358,0.4483770918522336,neff,N_eff = 1/HHI (negated for concentration),decile
141,0.05,2,19998,3.850385038503851,3.592448084356068,4.1260491964143196,0.4749572484723226,0.4699412186399268,0.480727658386396,neff,N_eff = 1/HHI (negated for concentration),decile
142,0.05,3,19998,4.760476047604761,4.473946700739597,5.064383009860653,0.49428235846245444,0.48843752114910155,0.5009346239669015,neff,N_eff = 1/HHI (negated for concentration),decile
143,0.05,4,19998,5.660566056605661,5.3487125152619495,5.989451466598602,0.5151654973572467,0.5092995594495416,0.5217964424522724,neff,N_eff = 1/HHI (negated for concentration),decile
144,0.05,5,19998,6.5706570657065715,6.235523132033238,6.922473279657177,0.5299577833551226,0.5234723457132964,0.5364377973680629,neff,N_eff = 1/HHI (negated for concentration),decile
145,0.05,6,19998,7.640764076407641,7.28065570924557,8.017143669387647,0.5565327827814528,0.5512934158709456,0.5622609903006398,neff,N_eff = 1/HHI (negated for concentration),decile
146,0.05,7,19998,8.095809580958095,7.725748562627809,8.48196703092034,0.574671031598151,0.5658330667392275,0.5827070182881788,neff,N_eff = 1/HHI (negated for concentration),decile
147,0.05,8,19998,11.906190619061906,11.464619119518929,12.362394889031163,0.7025645112623206,0.6950151144659678,0.7103090306310371,neff,N_eff = 1/HHI (negated for concentration),decile
148,0.05,9,19998,14.24142414241424,13.763918678912532,14.732665355629567,0.8215572081218533,0.8172191624611492,0.8246676433268414,neff,N_eff = 1/HHI (negated for concentration),decile
149,0.05,10,19998,13.91139113911391,13.438672283499528,14.397972518247123,0.8864255985916049,0.8833661072003735,0.8902439591624793,neff,N_eff = 1/HHI (negated for concentration),decile
150,0.1,1,20000,2.405,2.201633512520897,2.6266470713445544,0.4422385552810382,0.43620258059416384,0.4489643503201263,neff,N_eff = 1/HHI (negated for concentration),decile
151,0.1,2,19998,3.9253925392539255,3.6649633025245496,4.203520167517531,0.47720601335858,0.47102514828488423,0.4838652442405627,neff,N_eff = 1/HHI (negated for concentration),decile
152,0.1,3,19998,5.1905190519051905,4.89157050063583,5.5066800284554525,0.5027349672623365,0.4979973722426318,0.5091572321382757,neff,N_eff = 1/HHI (negated for concentration),decile
153,0.1,4,19998,5.96059605960596,5.6408343131938175,6.297274425753502,0.5190458433012413,0.5122812150191931,0.5257941049881437,neff,N_eff = 1/HHI (negated for concentration),decile
154,0.1,5,19998,6.575657565756576,6.2404012885062805,6.927594202468912,0.5321496282259932,0.5261202762684142,0.5381560345438124,neff,N_eff = 1/HHI (negated for concentration),decile
155,0.1,6,19998,7.2607260726072615,6.9092217377315315,7.628647615258448,0.5493883531319183,0.5406401781483717,0.5565349365639796,neff,N_eff = 1/HHI (negated for concentration),decile
156,0.1,7,19998,8.17081708170817,7.799150175308063,8.558551607511776,0.5749201286372568,0.5658779925363926,0.5823029009758625,neff,N_eff = 1/HHI (negated for concentration),decile
157,0.1,8,19998,11.581158115811581,11.14500019419385,12.03207366084558,0.6979138774481862,0.6928219114597443,0.7059047995932173,neff,N_eff = 1/HHI (negated for concentration),decile
158,0.1,9,19998,14.186418641864188,13.709704739203628,14.6768894232059,0.8237506491514224,0.8199059676686068,0.8259595092192504,neff,N_eff = 1/HHI (negated for concentration),decile
159,0.1,10,19998,14.176417641764177,13.69984792392318,14.666748079916786,0.888435440357145,0.8853060328512213,0.891490368660273,neff,N_eff = 1/HHI (negated for concentration),decile
160,0.05,1,66662,3.8597701839128735,3.7161744242609602,4.008683578581683,0.47511444130032293,0.4721906610208974,0.4782351645260852,neff,N_eff = 1/HHI (negated for concentration),extreme_tercile
161,0.05,3,66662,12.896402748192374,12.644108638704832,13.152973025977849,0.8161279960864086,0.8130754075623735,0.8205631833099051,neff,N_eff = 1/HHI (negated for concentration),extreme_tercile
162,0.1,1,66662,4.045783204824337,3.898840194205841,4.19802241256578,0.47977572094847437,0.47685439308384986,0.48283516474878907,neff,N_eff = 1/HHI (negated for concentration),extreme_tercile
163,0.1,3,66662,12.843899072935105,12.5920498664326,13.100030498753998,0.8198432359162068,0.8163880468172026,0.8233772408954602,neff,N_eff = 1/HHI (negated for concentration),extreme_tercile
164,0.05,1,20000,2.41,2.2064176547261765,2.6318610087081513,0.44365793728478453,0.4371996217993358,0.4483770918522336,neff,N_eff = 1/HHI (negated for concentration),extreme_decile
165,0.05,10,20000,13.91,13.437324800882177,14.396536870967896,0.8864255985916043,0.8832547836623679,0.8897633005365109,neff,N_eff = 1/HHI (negated for concentration),extreme_decile
166,0.1,1,20000,2.405,2.201633512520897,2.6266470713445544,0.4422385552810382,0.43620258059416384,0.4489643503201263,neff,N_eff = 1/HHI (negated for concentration),extreme_decile
167,0.1,10,20000,14.174999999999999,13.698474211381646,14.665285677618872,0.8884348406241309,0.8856496767350065,0.8917015434752994,neff,N_eff = 1/HHI (negated for concentration),extreme_decile
168,0.05,1,99992,2.05116409312745,1.9651321740287355,2.140880170388595,0.4542273988196008,0.4523587587163503,0.4556390118316714,top_hhi_share,TopHHIShare = max^2/HHI,median
169,0.05,2,99990,13.758375837583758,13.5462569493351,13.973279413792289,0.7644778719860847,0.7591980377190151,0.7695053026292269,top_hhi_share,TopHHIShare = max^2/HHI,median
170,0.1,1,99992,1.9911592927434194,1.9063974269803547,2.0796099271494595,0.4530469448572761,0.4511952409824842,0.45471709869609217,top_hhi_share,TopHHIShare = max^2/HHI,median
171,0.1,2,99990,13.895389538953895,13.682375474403793,14.111177763778823,0.7682641590406636,0.7641707947720338,0.7726381016890549,top_hhi_share,TopHHIShare = max^2/HHI,median
172,0.05,1,66662,0.5490384326902883,0.49572249048438966,0.6080535698481331,0.41821650430113766,0.416927626786748,0.41967727665919297,top_hhi_share,TopHHIShare = max^2/HHI,tercile
173,0.05,2,66660,8.912391239123913,8.698455397695076,9.131062545957302,0.5466981823999436,0.5442177657036114,0.5486279987679146,top_hhi_share,TopHHIShare = max^2/HHI,tercile
174,0.05,3,66660,14.252925292529254,13.989594601539437,14.5203759369721,0.8131500724058189,0.808940837739461,0.8170478885201006,top_hhi_share,TopHHIShare = max^2/HHI,tercile
175,0.1,1,66662,0.4710329723080615,0.4218325307086555,0.5259415989439731,0.41688760763361915,0.41521895566135414,0.41822914976512754,top_hhi_share,TopHHIShare = max^2/HHI,tercile
176,0.1,2,66660,8.99039903990399,8.775607338397668,9.209917216190854,0.5469582383641765,0.544372095409617,0.549582299563788,top_hhi_share,TopHHIShare = max^2/HHI,tercile
177,0.1,3,66660,14.368436843684368,14.104205893909253,14.636774433873114,0.8166762798683748,0.8115973346839932,0.8214034491379422,top_hhi_share,TopHHIShare = max^2/HHI,tercile
178,0.05,1,49996,0.334026722137771,0.28712392392023117,0.38856141665092775,0.398989814302614,0.3976390705271694,0.40043094553663994,top_hhi_share,TopHHIShare = max^2/HHI,quartile
179,0.05,2,49996,3.768301464117129,3.604897574156269,3.938809524307819,0.487159641181763,0.48553766186639336,0.4891677536867641,top_hhi_share,TopHHIShare = max^2/HHI,quartile
180,0.05,3,49996,13.255060404832387,12.960645637025351,13.555121564925146,0.6804120964412704,0.6637056442685337,0.6962940649846835,top_hhi_share,TopHHIShare = max^2/HHI,quartile
181,0.05,4,49994,14.261711405368644,13.957928700643036,14.5709860355483,0.8288587740491418,0.8243918141265347,0.8343017050720715,top_hhi_share,TopHHIShare = max^2/HHI,quartile
182,0.1,1,49996,0.2760220817665413,0.2336961826777115,0.32598879040428325,0.397291893640786,0.39607673031679885,0.39876404143121075,top_hhi_share,TopHHIShare = max^2/HHI,quartile
183,0.1,2,49996,3.7062965037202975,3.5442226120208224,3.875484093610021,0.487050231207603,0.48524069527626,0.48922009194528343,top_hhi_share,TopHHIShare = max^2/HHI,quartile
184,0.1,3,49996,13.415073205856467,13.119133600289384,13.716634615424322,0.6844800534226068,0.6689236730252031,0.6976175344918295,top_hhi_share,TopHHIShare = max^2/HHI,quartile
185,0.1,4,49994,14.37572508701044,14.07091565594727,14.68600892297296,0.8319721118901048,0.8264381153121145,0.8360204149592131,top_hhi_share,TopHHIShare = max^2/HHI,quartile
186,0.05,1,39998,0.25501275063753187,0.2101351618381959,0.3094449166949885,0.3863147451376368,0.3847726251696989,0.387765829167587,top_hhi_share,TopHHIShare = max^2/HHI,quintile
187,0.05,2,39996,1.5251525152515253,1.4096169674684729,1.6499991486113468,0.4571986043938185,0.45542394458018803,0.4588417824142907,top_hhi_share,TopHHIShare = max^2/HHI,quintile
188,0.05,3,39996,9.438443844384437,9.155796783397879,9.7288819999301,0.5402097408715494,0.538022947876568,0.5426737179709129,top_hhi_share,TopHHIShare = max^2/HHI,quintile
189,0.05,4,39996,14.041404140414041,13.704371662618883,14.38534357265345,0.7702553003884824,0.7651631809050153,0.775908352634199,top_hhi_share,TopHHIShare = max^2/HHI,quintile
190,0.05,5,39996,14.263926392639265,13.924630131194451,14.610086866284863,0.8276206133735879,0.8210865580386517,0.835101554090989,top_hhi_share,TopHHIShare = max^2/HHI,quintile
191,0.1,1,39998,0.2175108755437772,0.17638760846904822,0.26819592290516736,0.38547471865436206,0.384051471418219,0.38667553013546324,top_hhi_share,TopHHIShare = max^2/HHI,quintile
192,0.1,2,39996,1.3626362636263627,1.2535959176478633,1.48101891142686,0.45564481999552775,0.454132585354161,0.45726697283079315,top_hhi_share,TopHHIShare = max^2/HHI,quintile
193,0.1,3,39996,9.475947594759477,9.19278780530818,9.766891275020978,0.5385053899870045,0.5361521498341325,0.5407095375508107,top_hhi_share,TopHHIShare = max^2/HHI,quintile
194,0.1,4,39996,14.288928892889288,13.949380056321925,14.635337139158173,0.7751941202568813,0.7694860872319274,0.7798975192631236,top_hhi_share,TopHHIShare = max^2/HHI,quintile
195,0.1,5,39996,14.371437143714372,14.031057339698261,14.718660509184422,0.8329164966612367,0.8257500147209247,0.8386605060073,top_hhi_share,TopHHIShare = max^2/HHI,quintile
196,0.05,1,20000,0.08,0.049250426355422115,0.1299231579824983,0.35601039231280457,0.3543671734358639,0.35793673288506817,top_hhi_share,TopHHIShare = max^2/HHI,decile
197,0.05,2,19998,0.4300430043004301,0.3483789518436549,0.5307480981375828,0.40272196398060717,0.40115040524827994,0.4039681360210123,top_hhi_share,TopHHIShare = max^2/HHI,decile
198,0.05,3,19998,0.8500850085008501,0.7319425388533009,0.9871071710494114,0.43902811280794807,0.437500131564029,0.44008718579373324,top_hhi_share,TopHHIShare = max^2/HHI,decile
199,0.05,4,19998,2.2002200220022003,2.005900067556616,2.41290104923655,0.4721173251178472,0.47026184155546447,0.47402153940466873,top_hhi_share,TopHHIShare = max^2/HHI,decile
200,0.05,5,19998,6.6956695669566955,6.35749395762754,7.05047943618236,0.5123328578938205,0.5102737329348674,0.5151346816458298,top_hhi_share,TopHHIShare = max^2/HHI,decile
201,0.05,6,19998,12.181218121812181,11.735150183800048,12.64181318541292,0.5645316588333934,0.5590401416420158,0.5715313193723816,top_hhi_share,TopHHIShare = max^2/HHI,decile
202,0.05,7,19998,13.886388638863886,13.414036079932421,14.372613325390335,0.7182248531493922,0.7038128121544199,0.7300540135211544,top_hhi_share,TopHHIShare = max^2/HHI,decile
203,0.05,8,19998,14.196419641964198,13.719561636027619,14.687030684951466,0.8118482668409468,0.8059569241576594,0.8166034286108578,top_hhi_share,TopHHIShare = max^2/HHI,decile
204,0.05,9,19998,14.111411141114111,13.635780617209232,14.600827355928603,0.8541062423554847,0.8484592410685741,0.8592562996226344,top_hhi_share,TopHHIShare = max^2/HHI,decile
205,0.05,10,19998,14.416441644164415,13.936433852503724,14.910117957005657,0.7825360905004248,0.7719260245046629,0.7908656680725096,top_hhi_share,TopHHIShare = max^2/HHI,decile
206,0.1,1,20000,0.08499999999999999,0.0530783974650647,0.13609326644173209,0.3558337819223217,0.35441371753824935,0.3572023578527513,top_hhi_share,TopHHIShare = max^2/HHI,decile
207,0.1,2,19998,0.35003500350035005,0.2771678925144129,0.4419738889103536,0.4019526033788275,0.4004670603589415,0.4033589487796761,top_hhi_share,TopHHIShare = max^2/HHI,decile
208,0.1,3,19998,0.6600660066006601,0.5569212914561881,0.7821634056249046,0.436406499982957,0.435088604096853,0.4378366632714718,top_hhi_share,TopHHIShare = max^2/HHI,decile
209,0.1,4,19998,2.0652065206520653,1.8771050236816653,2.2717209524224553,0.4721422669484366,0.46992123563930593,0.4741906283140224,top_hhi_share,TopHHIShare = max^2/HHI,decile
210,0.1,5,19998,6.795679567956796,6.4550956034802205,7.152859376025267,0.5118840155836647,0.5098907342758036,0.5139098493961989,top_hhi_share,TopHHIShare = max^2/HHI,decile
211,0.1,6,19998,12.156215621562156,11.7105533240607,12.61641464872837,0.5635381099208615,0.5578331260055571,0.5694354165844141,top_hhi_share,TopHHIShare = max^2/HHI,decile
212,0.1,7,19998,14.216421642164217,13.739275674018831,14.707312964099373,0.720677887095989,0.7078872396325787,0.7318360310651469,top_hhi_share,TopHHIShare = max^2/HHI,decile
213,0.1,8,19998,14.361436143614362,13.882212142905082,14.854349794471727,0.8116190867690034,0.8059699498343021,0.8184282529348801,top_hhi_share,TopHHIShare = max^2/HHI,decile
214,0.1,9,19998,14.426442644264426,13.946292605240668,14.920257362838269,0.8545086764327685,0.8490507128712095,0.8606500051692931,top_hhi_share,TopHHIShare = max^2/HHI,decile
215,0.1,10,19998,14.316431643164314,13.837850732271855,14.808719491541932,0.7866060599542555,0.7761085851111117,0.7969319645954682,top_hhi_share,TopHHIShare = max^2/HHI,decile
216,0.05,1,66662,0.5490384326902883,0.49572249048438966,0.6080535698481331,0.41821650430113766,0.416927626786748,0.41967727665919297,top_hhi_share,TopHHIShare = max^2/HHI,extreme_tercile
217,0.05,3,66662,14.252497674837239,13.989174246858912,14.51994098195116,0.8131449893324003,0.8081021237565552,0.8165981070581978,top_hhi_share,TopHHIShare = max^2/HHI,extreme_tercile
218,0.1,1,66662,0.4710329723080615,0.4218325307086555,0.5259415989439731,0.41688760763361915,0.41521895566135414,0.41822914976512754,top_hhi_share,TopHHIShare = max^2/HHI,extreme_tercile
219,0.1,3,66662,14.369505865410579,14.105270544628464,14.637847580201448,0.8167078763625759,0.8125651085617732,0.8212047948528192,top_hhi_share,TopHHIShare = max^2/HHI,extreme_tercile
220,0.05,1,20000,0.08,0.049250426355422115,0.1299231579824983,0.35601039231280457,0.3543671734358639,0.35793673288506817,top_hhi_share,TopHHIShare = max^2/HHI,extreme_decile
221,0.05,10,20000,14.42,13.939965249672385,14.91370053820308,0.7825153852428336,0.7709744941048299,0.7904091731120505,top_hhi_share,TopHHIShare = max^2/HHI,extreme_decile
222,0.1,1,20000,0.08499999999999999,0.0530783974650647,0.13609326644173209,0.3558337819223217,0.35441371753824935,0.3572023578527513,top_hhi_share,TopHHIShare = max^2/HHI,extreme_decile
223,0.1,10,20000,14.315,13.836463159516269,14.807242957412795,0.7865964896897978,0.7772824370444769,0.7975418325625294,top_hhi_share,TopHHIShare = max^2/HHI,extreme_decile
224,0.05,1,99992,13.141051284102728,12.933057338906623,13.351877293815145,0.7541244762760594,0.749091955844084,0.7595431984560106,hhi_rest,HHI_rest = HHI-max^2,median
225,0.05,2,99990,2.668266826682668,2.570181147966327,2.7699893210918383,0.4558574171671492,0.4540596457849152,0.4580762526128376,hhi_rest,HHI_rest = HHI-max^2,median
226,0.1,1,99992,13.250060004800385,13.041327160878494,13.461616537532258,0.7585475807203484,0.751575066371664,0.76477689949785,hhi_rest,HHI_rest = HHI-max^2,median
227,0.1,2,99990,2.636263626362636,2.5387635683137497,2.737402959125675,0.45492036142894526,0.4532562331291864,0.45703444875261456,hhi_rest,HHI_rest = HHI-max^2,median
228,0.05,1,66662,14.252497674837239,13.989174246858912,14.51994098195116,0.8065517581826599,0.8020093102307231,0.8116795136868249,hhi_rest,HHI_rest = HHI-max^2,tercile
229,0.05,2,66660,7.620762076207621,7.421771893841155,7.824636587964667,0.5338342273910747,0.5319166849398208,0.5362256029356701,hhi_rest,HHI_rest = HHI-max^2,tercile
230,0.05,3,66660,1.8406840684068406,1.74138256200141,1.9455360748627453,0.42780162173555425,0.4262569600094655,0.429936662031018,hhi_rest,HHI_rest = HHI-max^2,tercile
231,0.1,1,66662,14.333503345234167,14.069547962945329,14.601569270801557,0.8106193121290716,0.8053657424625329,0.8152855305941199,hhi_rest,HHI_rest = HHI-max^2,tercile
232,0.1,2,66660,7.760276027602759,7.559596239534836,7.965824065676015,0.5344701234291577,0.5322397831047476,0.5368199657898863,hhi_rest,HHI_rest = HHI-max^2,tercile
233,0.1,3,66660,1.7356735673567356,1.6392772423640554,1.8376324951629817,0.4254176729641255,0.4233884092355933,0.4270220184545184,hhi_rest,HHI_rest = HHI-max^2,tercile
234,0.05,1,49996,14.263141051284103,13.959351452650298,14.572422136008434,0.830002164206559,0.8249822935390938,0.834544539194123,hhi_rest,HHI_rest = HHI-max^2,quartile
235,0.05,2,49996,12.018961516921353,11.736828710636773,12.306930659992913,0.593612510980484,0.5884699321546984,0.5972586040207218,hhi_rest,HHI_rest = HHI-max^2,quartile
236,0.05,3,49996,3.5222817825426036,3.3642297015180698,3.6874758382850823,0.47989790232363794,0.47751132849355377,0.48184098214425286,hhi_rest,HHI_rest = HHI-max^2,quartile
237,0.05,4,49994,1.8142177061247349,1.7008713165206697,1.9349688354270096,0.4164373510339795,0.4138200995795058,0.4183518867562346,hhi_rest,HHI_rest = HHI-max^2,quartile
238,0.1,1,49996,14.385150812064964,14.080262839368432,14.695511522284747,0.8333980659595053,0.8275903286249122,0.8370221893665427,hhi_rest,HHI_rest = HHI-max^2,quartile
239,0.1,2,49996,12.114969197535803,11.831849151724137,12.403910827163477,0.5929590230080127,0.5880281060513368,0.5977826517629571,hhi_rest,HHI_rest = HHI-max^2,quartile
240,0.1,3,49996,3.588287062965037,3.4287792124019223,3.7549267455785533,0.48137822798327,0.4792056933376268,0.4836843383815239,hhi_rest,HHI_rest = HHI-max^2,quartile
241,0.1,4,49994,1.6842021042525104,1.5750585573381677,1.800770370444987,0.4129630422381743,0.4107810876859348,0.41519444172233827,hhi_rest,HHI_rest = HHI-max^2,quartile
242,0.05,1,39998,14.268213410670533,13.928882214659552,14.614407652274977,0.8415583081140642,0.8359451445672313,0.8452523936481353,hhi_rest,HHI_rest = HHI-max^2,quintile
243,0.05,2,39996,13.671367136713672,13.338163483955853,14.011548820904876,0.6736647960704094,0.6504393983225877,0.7011329023420065,hhi_rest,HHI_rest = HHI-max^2,quintile
244,0.05,3,39996,7.495749574957496,7.241742610462875,7.757920788204181,0.5261143510263784,0.5236507457539042,0.5292145306315371,hhi_rest,HHI_rest = HHI-max^2,quintile
245,0.05,4,39996,2.1877187718771878,2.0488800022334948,2.335741360867104,0.4550874792988815,0.4533658650753589,0.45732883419259324,hhi_rest,HHI_rest = HHI-max^2,quintile
246,0.05,5,39996,1.9001900190019003,1.7709287673967706,2.038690318694811,0.41106140033934946,0.4086489441989864,0.4138657463211962,hhi_rest,HHI_rest = HHI-max^2,quintile
247,0.1,1,39998,14.39321966098305,14.05262955379889,14.74064880366554,0.8431938265480384,0.8389425954205677,0.8483258946296949,hhi_rest,HHI_rest = HHI-max^2,quintile
248,0.1,2,39996,13.893889388938893,13.558373529431709,14.236340537635996,0.671703034105807,0.6513499689996958,0.7123605041334755,hhi_rest,HHI_rest = HHI-max^2,quintile
249,0.1,3,39996,7.563256325632563,7.308178288023455,7.826485645245719,0.5253829716346388,0.522430652179763,0.5283301558907446,hhi_rest,HHI_rest = HHI-max^2,quintile
250,0.1,4,39996,2.125212521252125,1.9883961717191145,2.2712246963795235,0.45302474297545775,0.4507588881784643,0.45538814118654225,hhi_rest,HHI_rest = HHI-max^2,quintile
251,0.1,5,39996,1.74017401740174,1.616577284439568,1.8730405344469951,0.40819734647675526,0.4055905093700917,0.41047144252061424,hhi_rest,HHI_rest = HHI-max^2,quintile
252,0.05,1,20000,14.235000000000001,13.757610384933209,14.726126458893832,0.8547152015817553,0.8476035903379926,0.8642382151461167,hhi_rest,HHI_rest = HHI-max^2,decile
253,0.05,2,19998,14.3014301430143,13.823063957862805,14.793509028096649,0.8280427705511927,0.8213413745871792,0.8354067559664665,hhi_rest,HHI_rest = HHI-max^2,decile
254,0.05,3,19998,14.236423642364237,13.75899003732326,14.727594917934061,0.7621621942097796,0.7491725856676107,0.7744990939483885,hhi_rest,HHI_rest = HHI-max^2,decile
255,0.05,4,19998,13.106310631063106,12.645655704586705,13.581137332310455,0.598057460239446,0.5917047644891983,0.6064453211080919,hhi_rest,HHI_rest = HHI-max^2,decile
256,0.05,5,19998,9.825982598259825,9.421101823875778,10.246295202206062,0.54401716333532,0.540256585240984,0.5476088557990308,hhi_rest,HHI_rest = HHI-max^2,decile
257,0.05,6,19998,5.165516551655166,4.867273298396854,5.4809818342705325,0.5017420742187825,0.4985807399064488,0.504049898943748,hhi_rest,HHI_rest = HHI-max^2,decile
258,0.05,7,19998,2.795279527952795,2.5757231898728445,3.032968361809077,0.46839798592417003,0.46525914415199965,0.4720456694497516,hhi_rest,HHI_rest = HHI-max^2,decile
259,0.05,8,19998,1.58015801580158,1.4163801935055111,1.7625350919750018,0.43994669670182385,0.4372453973389219,0.44203289661924144,hhi_rest,HHI_rest = HHI-max^2,decile
260,0.05,9,19998,1.3051305130513051,1.1569172468595854,1.4720486779580573,0.41455525438448243,0.4122209886290966,0.4174921448411217,hhi_rest,HHI_rest = HHI-max^2,decile
261,0.05,10,19998,2.495249524952495,2.2880131579226135,2.72073363667254,0.4051494274348518,0.40115453939033435,0.4091555042992489,hhi_rest,HHI_rest = HHI-max^2,decile
262,0.1,1,20000,14.405000000000001,13.925178695750398,14.89849285341844,0.8625818193485689,0.8524065817261577,0.8688105980066407,hhi_rest,HHI_rest = HHI-max^2,decile
263,0.1,2,19998,14.381438143814382,13.901928847760495,14.874629406755432,0.82807229374283,0.8234863417122068,0.8348981994235111,hhi_rest,HHI_rest = HHI-max^2,decile
264,0.1,3,19998,14.261426142614262,13.78363344805497,14.752946903626249,0.7644384334603948,0.7500190172614712,0.7782015206022554,hhi_rest,HHI_rest = HHI-max^2,decile
265,0.1,4,19998,13.526352635263528,13.059333390947586,14.007382305871053,0.5990871098015575,0.5931129948892662,0.6070579801339767,hhi_rest,HHI_rest = HHI-max^2,decile
266,0.1,5,19998,9.675967596759676,9.27393537814617,10.093489269392286,0.5411130453867871,0.5388252257684947,0.5447317814620959,hhi_rest,HHI_rest = HHI-max^2,decile
267,0.1,6,19998,5.450545054505451,5.144376417784177,5.773826234115638,0.5043973175161589,0.5014223354308721,0.5077375885903674,hhi_rest,HHI_rest = HHI-max^2,decile
268,0.1,7,19998,2.705270527052705,2.4893319372955873,2.9393761872603044,0.46862736822377926,0.4659314158689505,0.4727171879173751,hhi_rest,HHI_rest = HHI-max^2,decile
269,0.1,8,19998,1.5451545154515451,1.3832748430166724,1.7256468874703845,0.43563366823145194,0.4327465642699915,0.4384515422220882,hhi_rest,HHI_rest = HHI-max^2,decile
270,0.1,9,19998,1.1301130113011302,0.9927066470912987,1.2862915027590631,0.41071824261550566,0.4082887689129554,0.41378198240930975,hhi_rest,HHI_rest = HHI-max^2,decile
271,0.1,10,19998,2.3502350235023504,2.1492390955893526,2.569534399747197,0.4038802405392273,0.40005933576024727,0.40758122829744686,hhi_rest,HHI_rest = HHI-max^2,decile
272,0.05,1,66662,14.252497674837239,13.989174246858912,14.51994098195116,0.8065517581826599,0.8020093102307231,0.8116795136868249,hhi_rest,HHI_rest = HHI-max^2,extreme_tercile
273,0.05,3,66662,1.8406288440190814,1.741330291187576,1.9454777367485778,0.42780083068398106,0.42608462250833357,0.43021866594588193,hhi_rest,HHI_rest = HHI-max^2,extreme_tercile
274,0.1,1,66662,14.333503345234167,14.069547962945329,14.601569270801557,0.8106193121290716,0.8053657424625329,0.8152855305941199,hhi_rest,HHI_rest = HHI-max^2,extreme_tercile
275,0.1,3,66662,1.7356214935045453,1.6392280371821961,1.8375773917617928,0.42541631321999157,0.4233754068697093,0.42744548301885793,hhi_rest,HHI_rest = HHI-max^2,extreme_tercile
276,0.05,1,20000,14.235000000000001,13.757610384933209,14.726126458893832,0.8547152015817553,0.8476035903379926,0.8642382151461167,hhi_rest,HHI_rest = HHI-max^2,extreme_decile
277,0.05,10,20000,2.495,2.287784124275377,2.7204618918298498,0.4051420322439519,0.4007843688095257,0.40910104656784274,hhi_rest,HHI_rest = HHI-max^2,extreme_decile
278,0.1,1,20000,14.405000000000001,13.925178695750398,14.89849285341844,0.8625818193485689,0.8524065817261577,0.8688105980066407,hhi_rest,HHI_rest = HHI-max^2,extreme_decile
279,0.1,10,20000,2.35,2.1490239606161894,2.569277747991621,0.40387594833837975,0.4003543402422281,0.4081070150805432,hhi_rest,HHI_rest = HHI-max^2,extreme_decile
280,0.05,1,99992,11.353908312665013,11.15874933400547,11.552036671319778,0.6889072610179232,0.680959337056754,0.6967098772664156,hhi_rest_norm,HHI_rest_norm,median
281,0.05,2,99990,4.455445544554455,4.329298800296226,4.585091783533487,0.4848507101178362,0.48187357490655225,0.4883953672020589,hhi_rest_norm,HHI_rest_norm,median
282,0.1,1,99992,11.472917833426674,11.276859197598977,11.671936705129843,0.6891095658038934,0.6808481144690802,0.6972059373142184,hhi_rest_norm,HHI_rest_norm,median
283,0.1,2,99990,4.413441344134413,4.2878724124340195,4.542512998021097,0.48426718171170147,0.48109042026255866,0.48748157668075637,hhi_rest_norm,HHI_rest_norm,median
284,0.05,1,66662,13.986979088536197,13.725747610036501,14.252361047036235,0.7901839534635349,0.7835758846405037,0.795633406546294,hhi_rest_norm,HHI_rest_norm,tercile
285,0.05,2,66660,4.201920192019202,4.052231843227744,4.356886901588186,0.487557103719025,0.4845929255379099,0.49034615125007397,hhi_rest_norm,HHI_rest_norm,tercile
286,0.05,3,66660,5.5250525052505255,5.354161225842784,5.701069650620836,0.5199962292268231,0.5124143241882874,0.5285327353150011,hhi_rest_norm,HHI_rest_norm,tercile
287,0.1,1,66662,14.07848549398458,13.816529479015054,14.344581442893716,0.7932981135547069,0.7876098391143068,0.798684434788683,hhi_rest_norm,HHI_rest_norm,tercile
288,0.1,2,66660,4.248424842484249,4.097930661193027,4.404192024757911,0.4892663265729928,0.48654870330659167,0.491570308171439,hhi_rest_norm,HHI_rest_norm,tercile
289,0.1,3,66660,5.502550255025502,5.331993146513715,5.678235822949094,0.5208189831624498,0.5129754008500872,0.5275564884666857,hhi_rest_norm,HHI_rest_norm,tercile
290,0.05,1,49996,14.239139131130491,13.935566501276526,14.548206935317726,0.831383199906434,0.8265539118601448,0.8353851084307541,hhi_rest_norm,HHI_rest_norm,quartile
291,0.05,2,49996,8.468677494199536,8.227805664066207,8.71593121369222,0.5449762333297095,0.5417924171326602,0.5473937380072352,hhi_rest_norm,HHI_rest_norm,quartile
292,0.05,3,49996,2.1101688135050805,1.987815287427955,2.2398813059148526,0.44782977008182545,0.4452630321905035,0.45056548816715636,hhi_rest_norm,HHI_rest_norm,quartile
293,0.05,4,49994,6.800816097931752,6.583428308549519,7.024842333277547,0.6209185807504077,0.5962347016636745,0.6380773260156369,hhi_rest_norm,HHI_rest_norm,quartile
294,0.1,1,49996,14.375150012000958,14.070351784960366,14.685422513332613,0.834382291252591,0.8293149736933534,0.8379528779700612,hhi_rest_norm,HHI_rest_norm,quartile
295,0.1,2,49996,8.570685654852388,8.32847765908633,8.819259864946146,0.544218381387515,0.5420964883173744,0.5470707554962099,hhi_rest_norm,HHI_rest_norm,quartile
296,0.1,3,49996,2.0901672133770703,1.9684005992538518,2.2192958673685546,0.445430566392367,0.44278451759865195,0.4487240308586887,hhi_rest_norm,HHI_rest_norm,quartile
297,0.1,4,49994,6.7368084170100415,6.520390910521836,6.959874205562698,0.632548996851579,0.6108566999317344,0.6498225846741112,hhi_rest_norm,HHI_rest_norm,quartile
298,0.05,1,39998,14.375718785939299,14.035304391379375,14.722975577410871,0.8521315726370802,0.8485810920654837,0.8554890577686008,hhi_rest_norm,HHI_rest_norm,quintile
299,0.05,2,39996,11.761176117611761,11.449121714986278,12.080575462614547,0.5865940828243565,0.584296850843847,0.5894059859520491,hhi_rest_norm,HHI_rest_norm,quintile
300,0.05,3,39996,3.5653565356535655,3.3880446732370806,3.7515875997067205,0.47778654848687147,0.4745919010838639,0.48061943315736877,hhi_rest_norm,HHI_rest_norm,quintile
301,0.05,4,39996,1.745174517451745,1.6213967166084562,1.8782211418782637,0.4412155824402675,0.4390344797071243,0.44379531716029536,hhi_rest_norm,HHI_rest_norm,quintile
302,0.05,5,39996,8.075807580758077,7.812789150697166,8.346878841588085,0.6826931462616295,0.6748590626906825,0.693886481008857,hhi_rest_norm,HHI_rest_norm,quintile
303,0.1,1,39998,14.383219160958047,14.042729439732259,14.73054983848977,0.8525652289473421,0.8502918738234094,0.8567875644545772,hhi_rest_norm,HHI_rest_norm,quintile
304,0.1,2,39996,12.043704370437043,11.728365777083013,12.366333637926669,0.5861076928274069,0.5837117955227811,0.5887952431852969,hhi_rest_norm,HHI_rest_norm,quintile
305,0.1,3,39996,3.4303430343034305,3.2563919001386563,3.6132393036009116,0.4768539210776467,0.4735434034461717,0.4798749028037002,hhi_rest_norm,HHI_rest_norm,quintile
306,0.1,4,39996,1.8751875187518752,1.7467943135525077,2.0128245745382896,0.44074885593452046,0.4378864285874952,0.44332995617998866,hhi_rest_norm,HHI_rest_norm,quintile
307,0.1,5,39996,7.983298329832983,7.721688682868447,8.252978576813899,0.6923585125628932,0.6835227841187426,0.6985102710743689,hhi_rest_norm,HHI_rest_norm,quintile
308,0.05,1,20000,14.415,13.935036378384305,14.908631329922281,0.8925175456042542,0.8892422930578527,0.8947268588183479,hhi_rest_norm,HHI_rest_norm,decile
309,0.05,2,19998,14.336433643364336,13.857566713608716,14.828999827344191,0.7362499176707868,0.7249576729546972,0.7508781009507888,hhi_rest_norm,HHI_rest_norm,decile
310,0.05,3,19998,13.861386138613863,13.389400399865448,14.347253609033416,0.6099125711227807,0.606703859403158,0.6132552815521101,hhi_rest_norm,HHI_rest_norm,decile
311,0.05,4,19998,9.66096609660966,9.259220381903118,10.078207027781001,0.5461368911996377,0.5428050612969602,0.5488178713316051,hhi_rest_norm,HHI_rest_norm,decile
312,0.05,5,19998,4.495449544954496,4.216899109946015,4.791479398560923,0.4928640183368719,0.4889948815982249,0.49698130252515804,hhi_rest_norm,HHI_rest_norm,decile
313,0.05,6,19998,2.6352635263526354,2.42218391586648,2.866537098702499,0.4590183504047441,0.4535249279351322,0.4629524093994345,hhi_rest_norm,HHI_rest_norm,decile
314,0.05,7,19998,1.7751775177517752,1.6012048100660643,1.9676745675208478,0.441568821430256,0.4389736381728588,0.4456329503843614,hhi_rest_norm,HHI_rest_norm,decile
315,0.05,8,19998,1.7151715171517152,1.5442703781014044,1.9046200480681545,0.4408726064081188,0.43742340055306733,0.4443411466257894,hhi_rest_norm,HHI_rest_norm,decile
316,0.05,9,19998,3.1053105310531053,2.8737545897906807,3.3548798775475674,0.4610687565307008,0.45657193681454894,0.4657570327211404,hhi_rest_norm,HHI_rest_norm,decile
317,0.05,10,19998,13.046304630463046,12.586571720968589,13.520232364511218,0.7608655313266007,0.7548893684455431,0.7644961016849454,hhi_rest_norm,HHI_rest_norm,decile
318,0.1,1,20000,14.445,13.964609905478776,14.939046280241069,0.8943147708059054,0.8916071260076802,0.8967381755304215,hhi_rest_norm,HHI_rest_norm,decile
319,0.1,2,19998,14.321432143214322,13.842779697395994,14.81378960570258,0.7422301281870084,0.7294593001984986,0.7644274426150349,hhi_rest_norm,HHI_rest_norm,decile
320,0.1,3,19998,14.206420642064208,13.729418614323274,14.697171865225373,0.6108673259707842,0.6085260731814744,0.613455969559338,hhi_rest_norm,HHI_rest_norm,decile
321,0.1,4,19998,9.880988098809881,9.475070288008745,10.30231661020567,0.545097838466714,0.5421207083905017,0.548729311666751,hhi_rest_norm,HHI_rest_norm,decile
322,0.1,5,19998,4.51045104510451,4.231441889819526,4.80693385654175,0.4942274904546848,0.4903948295737583,0.49762780640848736,hhi_rest_norm,HHI_rest_norm,decile
323,0.1,6,19998,2.3502350235023504,2.1492390955893526,2.569534399747197,0.45406440274131543,0.44903490451559264,0.45853945836753796,hhi_rest_norm,HHI_rest_norm,decile
324,0.1,7,19998,2.0202020202020203,1.834220978394709,2.224613284146397,0.44172086513970177,0.4380326088934872,0.44661784098791996,hhi_rest_norm,HHI_rest_norm,decile
325,0.1,8,19998,1.7301730173017302,1.5584987762364013,1.9203888877874955,0.43989631606240487,0.43627839230442567,0.4427031875958596,hhi_rest_norm,HHI_rest_norm,decile
326,0.1,9,19998,3.0253025302530254,2.7967783582411014,3.2718708405406756,0.46252570995192904,0.456104121548479,0.4676351455816348,hhi_rest_norm,HHI_rest_norm,decile
327,0.1,10,19998,12.941294129412942,12.483182613490113,13.41364080700933,0.7627453336371618,0.7569190754777461,0.7671474596787485,hhi_rest_norm,HHI_rest_norm,decile
328,0.05,1,66662,13.986979088536197,13.725747610036501,14.252361047036235,0.7901839534635349,0.7835758846405037,0.795633406546294,hhi_rest_norm,HHI_rest_norm,extreme_tercile
329,0.05,3,66662,5.524886742071946,5.354000446895686,5.700898768537005,0.5199837402817139,0.5128341901825068,0.5287122483154617,hhi_rest_norm,HHI_rest_norm,extreme_tercile
330,0.1,1,66662,14.07848549398458,13.816529479015054,14.344581442893716,0.7932981135547069,0.7876098391143068,0.798684434788683,hhi_rest_norm,HHI_rest_norm,extreme_tercile
331,0.1,3,66662,5.5023851669616874,5.331833033563701,5.678065624942097,0.5208143503492081,0.5124904653789728,0.5272925591982817,hhi_rest_norm,HHI_rest_norm,extreme_tercile
332,0.05,1,20000,14.415,13.935036378384305,14.908631329922281,0.8925175456042542,0.8892422930578527,0.8947268588183479,hhi_rest_norm,HHI_rest_norm,extreme_decile
333,0.05,10,20000,13.045000000000002,12.58530980525809,13.518884101176361,0.7608543468161588,0.7550362400370421,0.764778998084064,hhi_rest_norm,HHI_rest_norm,extreme_decile
334,0.1,1,20000,14.445,13.964609905478776,14.939046280241069,0.8943147708059054,0.8916071260076802,0.8967381755304215,hhi_rest_norm,HHI_rest_norm,extreme_decile
335,0.1,10,20000,12.94,12.48193107897146,13.412303156516586,0.762731276410656,0.757477827136067,0.7674391877225465,hhi_rest_norm,HHI_rest_norm,extreme_decile
